(!) Your Vite config uses features that are unsupported by `configLoader: 'native'`, which is planned to become the default in a future major version of Vite:
  - ESM syntax in a file loaded as CommonJS (vitest.config.ts:1:1). Use a `.mjs` extension or set `"type": "module"` in the closest package.json
Set `VITE_CONFIG_NATIVE_IGNORE_WARNING=true` to suppress this warning.
[globalSetup] Skipping truncate: DATABASE_URL is not draft_test
[90mstderr[2m | web/src/__tests__/F-MOD-014_lobby.test.tsx[2m > [22m[2mF-MOD-014 Lobby[2m > [22m[2mtest_F_MOD_014_lobby_status_message_renders_nothing_when_absent
[22m[39mWarning: An update to Lobby inside a test was not wrapped in act(...).

When testing, code that causes React state updates should be wrapped into act(...):

act(() => {
  /* fire events that update state */
});
/* assert on the output */

This ensures that you're testing the behavior the user would see in the browser. Learn more at https://reactjs.org/link/wrap-tests-with-act
    at Lobby (/Users/ken/Development/projects/Draft/web/src/screens/lobby/index.tsx:69:18)
Warning: An update to Lobby inside a test was not wrapped in act(...).

When testing, code that causes React state updates should be wrapped into act(...):

act(() => {
  /* fire events that update state */
});
/* assert on the output */

This ensures that you're testing the behavior the user would see in the browser. Learn more at https://reactjs.org/link/wrap-tests-with-act
    at Lobby (/Users/ken/Development/projects/Draft/web/src/screens/lobby/index.tsx:69:18)
Warning: An update to Lobby inside a test was not wrapped in act(...).

When testing, code that causes React state updates should be wrapped into act(...):

act(() => {
  /* fire events that update state */
});
/* assert on the output */

This ensures that you're testing the behavior the user would see in the browser. Learn more at https://reactjs.org/link/wrap-tests-with-act
    at Lobby (/Users/ken/Development/projects/Draft/web/src/screens/lobby/index.tsx:69:18)
Warning: An update to Lobby inside a test was not wrapped in act(...).

When testing, code that causes React state updates should be wrapped into act(...):

act(() => {
  /* fire events that update state */
});
/* assert on the output */

This ensures that you're testing the behavior the user would see in the browser. Learn more at https://reactjs.org/link/wrap-tests-with-act
    at Lobby (/Users/ken/Development/projects/Draft/web/src/screens/lobby/index.tsx:69:18)
Warning: An update to Lobby inside a test was not wrapped in act(...).

When testing, code that causes React state updates should be wrapped into act(...):

act(() => {
  /* fire events that update state */
});
/* assert on the output */

This ensures that you're testing the behavior the user would see in the browser. Learn more at https://reactjs.org/link/wrap-tests-with-act
    at Lobby (/Users/ken/Development/projects/Draft/web/src/screens/lobby/index.tsx:69:18)

[90mstderr[2m | web/src/__tests__/F-MOD-014_lobby.test.tsx[2m > [22m[2mF-MOD-014 Lobby[2m > [22m[2mtest_F_MOD_014_lobby_status_message_renders_nothing_when_undefined
[22m[39mWarning: An update to Lobby inside a test was not wrapped in act(...).

When testing, code that causes React state updates should be wrapped into act(...):

act(() => {
  /* fire events that update state */
});
/* assert on the output */

This ensures that you're testing the behavior the user would see in the browser. Learn more at https://reactjs.org/link/wrap-tests-with-act
    at Lobby (/Users/ken/Development/projects/Draft/web/src/screens/lobby/index.tsx:69:18)
Warning: An update to Lobby inside a test was not wrapped in act(...).

When testing, code that causes React state updates should be wrapped into act(...):

act(() => {
  /* fire events that update state */
});
/* assert on the output */

This ensures that you're testing the behavior the user would see in the browser. Learn more at https://reactjs.org/link/wrap-tests-with-act
    at Lobby (/Users/ken/Development/projects/Draft/web/src/screens/lobby/index.tsx:69:18)
Warning: An update to Lobby inside a test was not wrapped in act(...).

When testing, code that causes React state updates should be wrapped into act(...):

act(() => {
  /* fire events that update state */
});
/* assert on the output */

This ensures that you're testing the behavior the user would see in the browser. Learn more at https://reactjs.org/link/wrap-tests-with-act
    at Lobby (/Users/ken/Development/projects/Draft/web/src/screens/lobby/index.tsx:69:18)
Warning: An update to Lobby inside a test was not wrapped in act(...).

When testing, code that causes React state updates should be wrapped into act(...):

act(() => {
  /* fire events that update state */
});
/* assert on the output */

This ensures that you're testing the behavior the user would see in the browser. Learn more at https://reactjs.org/link/wrap-tests-with-act
    at Lobby (/Users/ken/Development/projects/Draft/web/src/screens/lobby/index.tsx:69:18)
Warning: An update to Lobby inside a test was not wrapped in act(...).

When testing, code that causes React state updates should be wrapped into act(...):

act(() => {
  /* fire events that update state */
});
/* assert on the output */

This ensures that you're testing the behavior the user would see in the browser. Learn more at https://reactjs.org/link/wrap-tests-with-act
    at Lobby (/Users/ken/Development/projects/Draft/web/src/screens/lobby/index.tsx:69:18)

[90mstderr[2m | web/src/__tests__/F-MOD-014_lobby.test.tsx[2m > [22m[2mF-MOD-014 Lobby[2m > [22m[2mtest_F_MOD_014_lobby_omits_prep_tools_when_no_draft_created
[22m[39mWarning: An update to Lobby inside a test was not wrapped in act(...).

When testing, code that causes React state updates should be wrapped into act(...):

act(() => {
  /* fire events that update state */
});
/* assert on the output */

This ensures that you're testing the behavior the user would see in the browser. Learn more at https://reactjs.org/link/wrap-tests-with-act
    at Lobby (/Users/ken/Development/projects/Draft/web/src/screens/lobby/index.tsx:69:18)

[90mstderr[2m | web/src/__tests__/F-MOD-014_lobby.test.tsx[2m > [22m[2mF-MOD-014 Lobby[2m > [22m[2mtest_F_MOD_014_lobby_mounts_team_media_upload_control
[22m[39mWarning: An update to Lobby inside a test was not wrapped in act(...).

When testing, code that causes React state updates should be wrapped into act(...):

act(() => {
  /* fire events that update state */
});
/* assert on the output */

This ensures that you're testing the behavior the user would see in the browser. Learn more at https://reactjs.org/link/wrap-tests-with-act
    at Lobby (/Users/ken/Development/projects/Draft/web/src/screens/lobby/index.tsx:69:18)
Warning: An update to Lobby inside a test was not wrapped in act(...).

When testing, code that causes React state updates should be wrapped into act(...):

act(() => {
  /* fire events that update state */
});
/* assert on the output */

This ensures that you're testing the behavior the user would see in the browser. Learn more at https://reactjs.org/link/wrap-tests-with-act
    at Lobby (/Users/ken/Development/projects/Draft/web/src/screens/lobby/index.tsx:69:18)
Warning: An update to Lobby inside a test was not wrapped in act(...).

When testing, code that causes React state updates should be wrapped into act(...):

act(() => {
  /* fire events that update state */
});
/* assert on the output */

This ensures that you're testing the behavior the user would see in the browser. Learn more at https://reactjs.org/link/wrap-tests-with-act
    at Lobby (/Users/ken/Development/projects/Draft/web/src/screens/lobby/index.tsx:69:18)
Warning: An update to Lobby inside a test was not wrapped in act(...).

When testing, code that causes React state updates should be wrapped into act(...):

act(() => {
  /* fire events that update state */
});
/* assert on the output */

This ensures that you're testing the behavior the user would see in the browser. Learn more at https://reactjs.org/link/wrap-tests-with-act
    at Lobby (/Users/ken/Development/projects/Draft/web/src/screens/lobby/index.tsx:69:18)
Warning: An update to Lobby inside a test was not wrapped in act(...).

When testing, code that causes React state updates should be wrapped into act(...):

act(() => {
  /* fire events that update state */
});
/* assert on the output */

This ensures that you're testing the behavior the user would see in the browser. Learn more at https://reactjs.org/link/wrap-tests-with-act
    at Lobby (/Users/ken/Development/projects/Draft/web/src/screens/lobby/index.tsx:69:18)

[90mstderr[2m | web/src/__tests__/F-MOD-017_close_card_and_popover.test.tsx[2m > [22m[2mF-MOD-017 DraftRoom close card wiring[2m > [22m[2mtest_F_MOD_017_close_card_renders_on_player_awarded_with_required_fields
[22m[39mWarning: An update to DraftRoom inside a test was not wrapped in act(...).

When testing, code that causes React state updates should be wrapped into act(...):

act(() => {
  /* fire events that update state */
});
/* assert on the output */

This ensures that you're testing the behavior the user would see in the browser. Learn more at https://reactjs.org/link/wrap-tests-with-act
    at DraftRoom (/Users/ken/Development/projects/Draft/web/src/screens/draft-room/index.tsx:62:22)
    at RenderedRoute (file:///Users/ken/Development/projects/Draft/node_modules/react-router/dist/***REDACTED***/chunk-BV7QT456.mjs:6309:26)
    at Routes (file:///Users/ken/Development/projects/Draft/node_modules/react-router/dist/***REDACTED***/chunk-BV7QT456.mjs:7195:3)
    at Router (file:///Users/ken/Development/projects/Draft/node_modules/react-router/dist/***REDACTED***/chunk-BV7QT456.mjs:7134:13)
    at MemoryRouter (file:///Users/ken/Development/projects/Draft/node_modules/react-router/dist/***REDACTED***/chunk-BV7QT456.mjs:7044:3)
Warning: An update to DraftRoom inside a test was not wrapped in act(...).

When testing, code that causes React state updates should be wrapped into act(...):

act(() => {
  /* fire events that update state */
});
/* assert on the output */

This ensures that you're testing the behavior the user would see in the browser. Learn more at https://reactjs.org/link/wrap-tests-with-act
    at DraftRoom (/Users/ken/Development/projects/Draft/web/src/screens/draft-room/index.tsx:62:22)
    at RenderedRoute (file:///Users/ken/Development/projects/Draft/node_modules/react-router/dist/***REDACTED***/chunk-BV7QT456.mjs:6309:26)
    at Routes (file:///Users/ken/Development/projects/Draft/node_modules/react-router/dist/***REDACTED***/chunk-BV7QT456.mjs:7195:3)
    at Router (file:///Users/ken/Development/projects/Draft/node_modules/react-router/dist/***REDACTED***/chunk-BV7QT456.mjs:7134:13)
    at MemoryRouter (file:///Users/ken/Development/projects/Draft/node_modules/react-router/dist/***REDACTED***/chunk-BV7QT456.mjs:7044:3)

[90mstderr[2m | web/src/__tests__/F-MOD-017_close_card_and_popover.test.tsx[2m > [22m[2mF-MOD-017 DraftRoom close card wiring[2m > [22m[2mtest_F_MOD_017_close_card_renders_on_player_awarded_with_required_fields
[22m[39mWarning: An update to DraftRoom inside a test was not wrapped in act(...).

When testing, code that causes React state updates should be wrapped into act(...):

act(() => {
  /* fire events that update state */
});
/* assert on the output */

This ensures that you're testing the behavior the user would see in the browser. Learn more at https://reactjs.org/link/wrap-tests-with-act
    at DraftRoom (/Users/ken/Development/projects/Draft/web/src/screens/draft-room/index.tsx:62:22)
    at RenderedRoute (file:///Users/ken/Development/projects/Draft/node_modules/react-router/dist/***REDACTED***/chunk-BV7QT456.mjs:6309:26)
    at Routes (file:///Users/ken/Development/projects/Draft/node_modules/react-router/dist/***REDACTED***/chunk-BV7QT456.mjs:7195:3)
    at Router (file:///Users/ken/Development/projects/Draft/node_modules/react-router/dist/***REDACTED***/chunk-BV7QT456.mjs:7134:13)
    at MemoryRouter (file:///Users/ken/Development/projects/Draft/node_modules/react-router/dist/***REDACTED***/chunk-BV7QT456.mjs:7044:3)

[90mstderr[2m | web/src/__tests__/F-MOD-017_close_card_and_popover.test.tsx[2m > [22m[2mF-MOD-017 DraftRoom close card wiring[2m > [22m[2mtest_F_MOD_017_close_card_renders_on_player_awarded_with_required_fields
[22m[39mWarning: An update to DraftRoom inside a test was not wrapped in act(...).

When testing, code that causes React state updates should be wrapped into act(...):

act(() => {
  /* fire events that update state */
});
/* assert on the output */

This ensures that you're testing the behavior the user would see in the browser. Learn more at https://reactjs.org/link/wrap-tests-with-act
    at DraftRoom (/Users/ken/Development/projects/Draft/web/src/screens/draft-room/index.tsx:62:22)
    at RenderedRoute (file:///Users/ken/Development/projects/Draft/node_modules/react-router/dist/***REDACTED***/chunk-BV7QT456.mjs:6309:26)
    at Routes (file:///Users/ken/Development/projects/Draft/node_modules/react-router/dist/***REDACTED***/chunk-BV7QT456.mjs:7195:3)
    at Router (file:///Users/ken/Development/projects/Draft/node_modules/react-router/dist/***REDACTED***/chunk-BV7QT456.mjs:7134:13)
    at MemoryRouter (file:///Users/ken/Development/projects/Draft/node_modules/react-router/dist/***REDACTED***/chunk-BV7QT456.mjs:7044:3)

[90mstderr[2m | web/src/__tests__/F-MOD-017_close_card_and_popover.test.tsx[2m > [22m[2mF-MOD-017 DraftRoom close card wiring[2m > [22m[2mtest_F_MOD_017_close_card_does_not_block_nomination_ui_underneath
[22m[39mWarning: An update to DraftRoom inside a test was not wrapped in act(...).

When testing, code that causes React state updates should be wrapped into act(...):

act(() => {
  /* fire events that update state */
});
/* assert on the output */

This ensures that you're testing the behavior the user would see in the browser. Learn more at https://reactjs.org/link/wrap-tests-with-act
    at DraftRoom (/Users/ken/Development/projects/Draft/web/src/screens/draft-room/index.tsx:62:22)
    at RenderedRoute (file:///Users/ken/Development/projects/Draft/node_modules/react-router/dist/***REDACTED***/chunk-BV7QT456.mjs:6309:26)
    at Routes (file:///Users/ken/Development/projects/Draft/node_modules/react-router/dist/***REDACTED***/chunk-BV7QT456.mjs:7195:3)
    at Router (file:///Users/ken/Development/projects/Draft/node_modules/react-router/dist/***REDACTED***/chunk-BV7QT456.mjs:7134:13)
    at MemoryRouter (file:///Users/ken/Development/projects/Draft/node_modules/react-router/dist/***REDACTED***/chunk-BV7QT456.mjs:7044:3)
Warning: An update to DraftRoom inside a test was not wrapped in act(...).

When testing, code that causes React state updates should be wrapped into act(...):

act(() => {
  /* fire events that update state */
});
/* assert on the output */

This ensures that you're testing the behavior the user would see in the browser. Learn more at https://reactjs.org/link/wrap-tests-with-act
    at DraftRoom (/Users/ken/Development/projects/Draft/web/src/screens/draft-room/index.tsx:62:22)
    at RenderedRoute (file:///Users/ken/Development/projects/Draft/node_modules/react-router/dist/***REDACTED***/chunk-BV7QT456.mjs:6309:26)
    at Routes (file:///Users/ken/Development/projects/Draft/node_modules/react-router/dist/***REDACTED***/chunk-BV7QT456.mjs:7195:3)
    at Router (file:///Users/ken/Development/projects/Draft/node_modules/react-router/dist/***REDACTED***/chunk-BV7QT456.mjs:7134:13)
    at MemoryRouter (file:///Users/ken/Development/projects/Draft/node_modules/react-router/dist/***REDACTED***/chunk-BV7QT456.mjs:7044:3)

[90mstderr[2m | web/src/__tests__/F-MOD-017_close_card_and_popover.test.tsx[2m > [22m[2mF-MOD-017 DraftRoom close card wiring[2m > [22m[2mtest_F_MOD_017_close_card_does_not_block_nomination_ui_underneath
[22m[39mWarning: An update to DraftRoom inside a test was not wrapped in act(...).

When testing, code that causes React state updates should be wrapped into act(...):

act(() => {
  /* fire events that update state */
});
/* assert on the output */

This ensures that you're testing the behavior the user would see in the browser. Learn more at https://reactjs.org/link/wrap-tests-with-act
    at DraftRoom (/Users/ken/Development/projects/Draft/web/src/screens/draft-room/index.tsx:62:22)
    at RenderedRoute (file:///Users/ken/Development/projects/Draft/node_modules/react-router/dist/***REDACTED***/chunk-BV7QT456.mjs:6309:26)
    at Routes (file:///Users/ken/Development/projects/Draft/node_modules/react-router/dist/***REDACTED***/chunk-BV7QT456.mjs:7195:3)
    at Router (file:///Users/ken/Development/projects/Draft/node_modules/react-router/dist/***REDACTED***/chunk-BV7QT456.mjs:7134:13)
    at MemoryRouter (file:///Users/ken/Development/projects/Draft/node_modules/react-router/dist/***REDACTED***/chunk-BV7QT456.mjs:7044:3)

[90mstderr[2m | web/src/__tests__/F-MOD-017_close_card_and_popover.test.tsx[2m > [22m[2mF-MOD-017 DraftRoom close card wiring[2m > [22m[2mtest_F_MOD_017_close_card_does_not_block_nomination_ui_underneath
[22m[39mWarning: An update to DraftRoom inside a test was not wrapped in act(...).

When testing, code that causes React state updates should be wrapped into act(...):

act(() => {
  /* fire events that update state */
});
/* assert on the output */

This ensures that you're testing the behavior the user would see in the browser. Learn more at https://reactjs.org/link/wrap-tests-with-act
    at DraftRoom (/Users/ken/Development/projects/Draft/web/src/screens/draft-room/index.tsx:62:22)
    at RenderedRoute (file:///Users/ken/Development/projects/Draft/node_modules/react-router/dist/***REDACTED***/chunk-BV7QT456.mjs:6309:26)
    at Routes (file:///Users/ken/Development/projects/Draft/node_modules/react-router/dist/***REDACTED***/chunk-BV7QT456.mjs:7195:3)
    at Router (file:///Users/ken/Development/projects/Draft/node_modules/react-router/dist/***REDACTED***/chunk-BV7QT456.mjs:7134:13)
    at MemoryRouter (file:///Users/ken/Development/projects/Draft/node_modules/react-router/dist/***REDACTED***/chunk-BV7QT456.mjs:7044:3)
Warning: An update to DraftRoom inside a test was not wrapped in act(...).

When testing, code that causes React state updates should be wrapped into act(...):

act(() => {
  /* fire events that update state */
});
/* assert on the output */

This ensures that you're testing the behavior the user would see in the browser. Learn more at https://reactjs.org/link/wrap-tests-with-act
    at DraftRoom (/Users/ken/Development/projects/Draft/web/src/screens/draft-room/index.tsx:62:22)
    at RenderedRoute (file:///Users/ken/Development/projects/Draft/node_modules/react-router/dist/***REDACTED***/chunk-BV7QT456.mjs:6309:26)
    at Routes (file:///Users/ken/Development/projects/Draft/node_modules/react-router/dist/***REDACTED***/chunk-BV7QT456.mjs:7195:3)
    at Router (file:///Users/ken/Development/projects/Draft/node_modules/react-router/dist/***REDACTED***/chunk-BV7QT456.mjs:7134:13)
    at MemoryRouter (file:///Users/ken/Development/projects/Draft/node_modules/react-router/dist/***REDACTED***/chunk-BV7QT456.mjs:7044:3)

[90mstderr[2m | web/src/__tests__/F-MOD-017_close_card_and_popover.test.tsx[2m > [22m[2mF-MOD-017 DraftRoom close card wiring[2m > [22m[2mtest_F_MOD_017_close_card_dismiss_is_a_semantic_button_and_removes_card
[22m[39mWarning: An update to DraftRoom inside a test was not wrapped in act(...).

When testing, code that causes React state updates should be wrapped into act(...):

act(() => {
  /* fire events that update state */
});
/* assert on the output */

This ensures that you're testing the behavior the user would see in the browser. Learn more at https://reactjs.org/link/wrap-tests-with-act
    at DraftRoom (/Users/ken/Development/projects/Draft/web/src/screens/draft-room/index.tsx:62:22)
    at RenderedRoute (file:///Users/ken/Development/projects/Draft/node_modules/react-router/dist/***REDACTED***/chunk-BV7QT456.mjs:6309:26)
    at Routes (file:///Users/ken/Development/projects/Draft/node_modules/react-router/dist/***REDACTED***/chunk-BV7QT456.mjs:7195:3)
    at Router (file:///Users/ken/Development/projects/Draft/node_modules/react-router/dist/***REDACTED***/chunk-BV7QT456.mjs:7134:13)
    at MemoryRouter (file:///Users/ken/Development/projects/Draft/node_modules/react-router/dist/***REDACTED***/chunk-BV7QT456.mjs:7044:3)
Warning: An update to DraftRoom inside a test was not wrapped in act(...).

When testing, code that causes React state updates should be wrapped into act(...):

act(() => {
  /* fire events that update state */
});
/* assert on the output */

This ensures that you're testing the behavior the user would see in the browser. Learn more at https://reactjs.org/link/wrap-tests-with-act
    at DraftRoom (/Users/ken/Development/projects/Draft/web/src/screens/draft-room/index.tsx:62:22)
    at RenderedRoute (file:///Users/ken/Development/projects/Draft/node_modules/react-router/dist/***REDACTED***/chunk-BV7QT456.mjs:6309:26)
    at Routes (file:///Users/ken/Development/projects/Draft/node_modules/react-router/dist/***REDACTED***/chunk-BV7QT456.mjs:7195:3)
    at Router (file:///Users/ken/Development/projects/Draft/node_modules/react-router/dist/***REDACTED***/chunk-BV7QT456.mjs:7134:13)
    at MemoryRouter (file:///Users/ken/Development/projects/Draft/node_modules/react-router/dist/***REDACTED***/chunk-BV7QT456.mjs:7044:3)

[90mstderr[2m | web/src/__tests__/F-MOD-017_close_card_and_popover.test.tsx[2m > [22m[2mF-MOD-017 DraftRoom close card wiring[2m > [22m[2mtest_F_MOD_017_close_card_dismiss_is_a_semantic_button_and_removes_card
[22m[39mWarning: An update to DraftRoom inside a test was not wrapped in act(...).

When testing, code that causes React state updates should be wrapped into act(...):

act(() => {
  /* fire events that update state */
});
/* assert on the output */

This ensures that you're testing the behavior the user would see in the browser. Learn more at https://reactjs.org/link/wrap-tests-with-act
    at DraftRoom (/Users/ken/Development/projects/Draft/web/src/screens/draft-room/index.tsx:62:22)
    at RenderedRoute (file:///Users/ken/Development/projects/Draft/node_modules/react-router/dist/***REDACTED***/chunk-BV7QT456.mjs:6309:26)
    at Routes (file:///Users/ken/Development/projects/Draft/node_modules/react-router/dist/***REDACTED***/chunk-BV7QT456.mjs:7195:3)
    at Router (file:///Users/ken/Development/projects/Draft/node_modules/react-router/dist/***REDACTED***/chunk-BV7QT456.mjs:7134:13)
    at MemoryRouter (file:///Users/ken/Development/projects/Draft/node_modules/react-router/dist/***REDACTED***/chunk-BV7QT456.mjs:7044:3)

[90mstderr[2m | web/src/__tests__/F-MOD-017_close_card_and_popover.test.tsx[2m > [22m[2mF-MOD-017 DraftRoom close card wiring[2m > [22m[2mtest_F_MOD_017_close_card_dismiss_is_a_semantic_button_and_removes_card
[22m[39mWarning: An update to DraftRoom inside a test was not wrapped in act(...).

When testing, code that causes React state updates should be wrapped into act(...):

act(() => {
  /* fire events that update state */
});
/* assert on the output */

This ensures that you're testing the behavior the user would see in the browser. Learn more at https://reactjs.org/link/wrap-tests-with-act
    at DraftRoom (/Users/ken/Development/projects/Draft/web/src/screens/draft-room/index.tsx:62:22)
    at RenderedRoute (file:///Users/ken/Development/projects/Draft/node_modules/react-router/dist/***REDACTED***/chunk-BV7QT456.mjs:6309:26)
    at Routes (file:///Users/ken/Development/projects/Draft/node_modules/react-router/dist/***REDACTED***/chunk-BV7QT456.mjs:7195:3)
    at Router (file:///Users/ken/Development/projects/Draft/node_modules/react-router/dist/***REDACTED***/chunk-BV7QT456.mjs:7134:13)
    at MemoryRouter (file:///Users/ken/Development/projects/Draft/node_modules/react-router/dist/***REDACTED***/chunk-BV7QT456.mjs:7044:3)

[90mstderr[2m | web/src/__tests__/F-MOD-017_close_card_and_popover.test.tsx[2m > [22m[2mF-MOD-017 DraftRoom player detail popover wiring[2m > [22m[2mtest_F_MOD_017_popover_opens_on_name_click_and_shows_available_fields
[22m[39mWarning: An update to DraftRoom inside a test was not wrapped in act(...).

When testing, code that causes React state updates should be wrapped into act(...):

act(() => {
  /* fire events that update state */
});
/* assert on the output */

This ensures that you're testing the behavior the user would see in the browser. Learn more at https://reactjs.org/link/wrap-tests-with-act
    at DraftRoom (/Users/ken/Development/projects/Draft/web/src/screens/draft-room/index.tsx:62:22)
    at RenderedRoute (file:///Users/ken/Development/projects/Draft/node_modules/react-router/dist/***REDACTED***/chunk-BV7QT456.mjs:6309:26)
    at Routes (file:///Users/ken/Development/projects/Draft/node_modules/react-router/dist/***REDACTED***/chunk-BV7QT456.mjs:7195:3)
    at Router (file:///Users/ken/Development/projects/Draft/node_modules/react-router/dist/***REDACTED***/chunk-BV7QT456.mjs:7134:13)
    at MemoryRouter (file:///Users/ken/Development/projects/Draft/node_modules/react-router/dist/***REDACTED***/chunk-BV7QT456.mjs:7044:3)
Warning: An update to DraftRoom inside a test was not wrapped in act(...).

When testing, code that causes React state updates should be wrapped into act(...):

act(() => {
  /* fire events that update state */
});
/* assert on the output */

This ensures that you're testing the behavior the user would see in the browser. Learn more at https://reactjs.org/link/wrap-tests-with-act
    at DraftRoom (/Users/ken/Development/projects/Draft/web/src/screens/draft-room/index.tsx:62:22)
    at RenderedRoute (file:///Users/ken/Development/projects/Draft/node_modules/react-router/dist/***REDACTED***/chunk-BV7QT456.mjs:6309:26)
    at Routes (file:///Users/ken/Development/projects/Draft/node_modules/react-router/dist/***REDACTED***/chunk-BV7QT456.mjs:7195:3)
    at Router (file:///Users/ken/Development/projects/Draft/node_modules/react-router/dist/***REDACTED***/chunk-BV7QT456.mjs:7134:13)
    at MemoryRouter (file:///Users/ken/Development/projects/Draft/node_modules/react-router/dist/***REDACTED***/chunk-BV7QT456.mjs:7044:3)

[90mstderr[2m | web/src/__tests__/F-MOD-017_close_card_and_popover.test.tsx[2m > [22m[2mF-MOD-017 DraftRoom player detail popover wiring[2m > [22m[2mtest_F_MOD_017_popover_opens_on_name_click_and_shows_available_fields
[22m[39mWarning: An update to DraftRoom inside a test was not wrapped in act(...).

When testing, code that causes React state updates should be wrapped into act(...):

act(() => {
  /* fire events that update state */
});
/* assert on the output */

This ensures that you're testing the behavior the user would see in the browser. Learn more at https://reactjs.org/link/wrap-tests-with-act
    at DraftRoom (/Users/ken/Development/projects/Draft/web/src/screens/draft-room/index.tsx:62:22)
    at RenderedRoute (file:///Users/ken/Development/projects/Draft/node_modules/react-router/dist/***REDACTED***/chunk-BV7QT456.mjs:6309:26)
    at Routes (file:///Users/ken/Development/projects/Draft/node_modules/react-router/dist/***REDACTED***/chunk-BV7QT456.mjs:7195:3)
    at Router (file:///Users/ken/Development/projects/Draft/node_modules/react-router/dist/***REDACTED***/chunk-BV7QT456.mjs:7134:13)
    at MemoryRouter (file:///Users/ken/Development/projects/Draft/node_modules/react-router/dist/***REDACTED***/chunk-BV7QT456.mjs:7044:3)

[90mstderr[2m | web/src/__tests__/F-MOD-017_close_card_and_popover.test.tsx[2m > [22m[2mF-MOD-017 DraftRoom player detail popover wiring[2m > [22m[2mtest_F_MOD_017_popover_shows_target_only_when_set
[22m[39mWarning: An update to DraftRoom inside a test was not wrapped in act(...).

When testing, code that causes React state updates should be wrapped into act(...):

act(() => {
  /* fire events that update state */
});
/* assert on the output */

This ensures that you're testing the behavior the user would see in the browser. Learn more at https://reactjs.org/link/wrap-tests-with-act
    at DraftRoom (/Users/ken/Development/projects/Draft/web/src/screens/draft-room/index.tsx:62:22)
    at RenderedRoute (file:///Users/ken/Development/projects/Draft/node_modules/react-router/dist/***REDACTED***/chunk-BV7QT456.mjs:6309:26)
    at Routes (file:///Users/ken/Development/projects/Draft/node_modules/react-router/dist/***REDACTED***/chunk-BV7QT456.mjs:7195:3)
    at Router (file:///Users/ken/Development/projects/Draft/node_modules/react-router/dist/***REDACTED***/chunk-BV7QT456.mjs:7134:13)
    at MemoryRouter (file:///Users/ken/Development/projects/Draft/node_modules/react-router/dist/***REDACTED***/chunk-BV7QT456.mjs:7044:3)
Warning: An update to DraftRoom inside a test was not wrapped in act(...).

When testing, code that causes React state updates should be wrapped into act(...):

act(() => {
  /* fire events that update state */
});
/* assert on the output */

This ensures that you're testing the behavior the user would see in the browser. Learn more at https://reactjs.org/link/wrap-tests-with-act
    at DraftRoom (/Users/ken/Development/projects/Draft/web/src/screens/draft-room/index.tsx:62:22)
    at RenderedRoute (file:///Users/ken/Development/projects/Draft/node_modules/react-router/dist/***REDACTED***/chunk-BV7QT456.mjs:6309:26)
    at Routes (file:///Users/ken/Development/projects/Draft/node_modules/react-router/dist/***REDACTED***/chunk-BV7QT456.mjs:7195:3)
    at Router (file:///Users/ken/Development/projects/Draft/node_modules/react-router/dist/***REDACTED***/chunk-BV7QT456.mjs:7134:13)
    at MemoryRouter (file:///Users/ken/Development/projects/Draft/node_modules/react-router/dist/***REDACTED***/chunk-BV7QT456.mjs:7044:3)

[90mstderr[2m | web/src/__tests__/F-MOD-017_close_card_and_popover.test.tsx[2m > [22m[2mF-MOD-017 DraftRoom player detail popover wiring[2m > [22m[2mtest_F_MOD_017_popover_shows_target_only_when_set
[22m[39mWarning: An update to DraftRoom inside a test was not wrapped in act(...).

When testing, code that causes React state updates should be wrapped into act(...):

act(() => {
  /* fire events that update state */
});
/* assert on the output */

This ensures that you're testing the behavior the user would see in the browser. Learn more at https://reactjs.org/link/wrap-tests-with-act
    at DraftRoom (/Users/ken/Development/projects/Draft/web/src/screens/draft-room/index.tsx:62:22)
    at RenderedRoute (file:///Users/ken/Development/projects/Draft/node_modules/react-router/dist/***REDACTED***/chunk-BV7QT456.mjs:6309:26)
    at Routes (file:///Users/ken/Development/projects/Draft/node_modules/react-router/dist/***REDACTED***/chunk-BV7QT456.mjs:7195:3)
    at Router (file:///Users/ken/Development/projects/Draft/node_modules/react-router/dist/***REDACTED***/chunk-BV7QT456.mjs:7134:13)
    at MemoryRouter (file:///Users/ken/Development/projects/Draft/node_modules/react-router/dist/***REDACTED***/chunk-BV7QT456.mjs:7044:3)

[90mstderr[2m | web/src/__tests__/F-MOD-017_close_card_and_popover.test.tsx[2m > [22m[2mF-MOD-017 DraftRoom player detail popover wiring[2m > [22m[2mtest_F_MOD_017_popover_dismiss_is_semantic_button_and_preserves_bid_controls_and_custom_amount
[22m[39mWarning: An update to DraftRoom inside a test was not wrapped in act(...).

When testing, code that causes React state updates should be wrapped into act(...):

act(() => {
  /* fire events that update state */
});
/* assert on the output */

This ensures that you're testing the behavior the user would see in the browser. Learn more at https://reactjs.org/link/wrap-tests-with-act
    at DraftRoom (/Users/ken/Development/projects/Draft/web/src/screens/draft-room/index.tsx:62:22)
    at RenderedRoute (file:///Users/ken/Development/projects/Draft/node_modules/react-router/dist/***REDACTED***/chunk-BV7QT456.mjs:6309:26)
    at Routes (file:///Users/ken/Development/projects/Draft/node_modules/react-router/dist/***REDACTED***/chunk-BV7QT456.mjs:7195:3)
    at Router (file:///Users/ken/Development/projects/Draft/node_modules/react-router/dist/***REDACTED***/chunk-BV7QT456.mjs:7134:13)
    at MemoryRouter (file:///Users/ken/Development/projects/Draft/node_modules/react-router/dist/***REDACTED***/chunk-BV7QT456.mjs:7044:3)
Warning: An update to DraftRoom inside a test was not wrapped in act(...).

When testing, code that causes React state updates should be wrapped into act(...):

act(() => {
  /* fire events that update state */
});
/* assert on the output */

This ensures that you're testing the behavior the user would see in the browser. Learn more at https://reactjs.org/link/wrap-tests-with-act
    at DraftRoom (/Users/ken/Development/projects/Draft/web/src/screens/draft-room/index.tsx:62:22)
    at RenderedRoute (file:///Users/ken/Development/projects/Draft/node_modules/react-router/dist/***REDACTED***/chunk-BV7QT456.mjs:6309:26)
    at Routes (file:///Users/ken/Development/projects/Draft/node_modules/react-router/dist/***REDACTED***/chunk-BV7QT456.mjs:7195:3)
    at Router (file:///Users/ken/Development/projects/Draft/node_modules/react-router/dist/***REDACTED***/chunk-BV7QT456.mjs:7134:13)
    at MemoryRouter (file:///Users/ken/Development/projects/Draft/node_modules/react-router/dist/***REDACTED***/chunk-BV7QT456.mjs:7044:3)

[90mstderr[2m | web/src/__tests__/F-MOD-017_close_card_and_popover.test.tsx[2m > [22m[2mF-MOD-017 DraftRoom player detail popover wiring[2m > [22m[2mtest_F_MOD_017_popover_dismiss_is_semantic_button_and_preserves_bid_controls_and_custom_amount
[22m[39mWarning: An update to DraftRoom inside a test was not wrapped in act(...).

When testing, code that causes React state updates should be wrapped into act(...):

act(() => {
  /* fire events that update state */
});
/* assert on the output */

This ensures that you're testing the behavior the user would see in the browser. Learn more at https://reactjs.org/link/wrap-tests-with-act
    at DraftRoom (/Users/ken/Development/projects/Draft/web/src/screens/draft-room/index.tsx:62:22)
    at RenderedRoute (file:///Users/ken/Development/projects/Draft/node_modules/react-router/dist/***REDACTED***/chunk-BV7QT456.mjs:6309:26)
    at Routes (file:///Users/ken/Development/projects/Draft/node_modules/react-router/dist/***REDACTED***/chunk-BV7QT456.mjs:7195:3)
    at Router (file:///Users/ken/Development/projects/Draft/node_modules/react-router/dist/***REDACTED***/chunk-BV7QT456.mjs:7134:13)
    at MemoryRouter (file:///Users/ken/Development/projects/Draft/node_modules/react-router/dist/***REDACTED***/chunk-BV7QT456.mjs:7044:3)

[90mstderr[2m | web/src/__tests__/F-MOD-013_draft_complete_routing.test.tsx[2m > [22m[2mF-MOD-013 draft-complete navigation and routing[2m > [22m[2mF_MOD_013_draft_room_navigates_to_draft_complete_on_broadcast
[22m[39mWarning: An update to DraftRoom inside a test was not wrapped in act(...).

When testing, code that causes React state updates should be wrapped into act(...):

act(() => {
  /* fire events that update state */
});
/* assert on the output */

This ensures that you're testing the behavior the user would see in the browser. Learn more at https://reactjs.org/link/wrap-tests-with-act
    at DraftRoom (/Users/ken/Development/projects/Draft/web/src/screens/draft-room/index.tsx:62:22)
    at RenderedRoute (file:///Users/ken/Development/projects/Draft/node_modules/react-router/dist/***REDACTED***/chunk-BV7QT456.mjs:6309:26)
    at Routes (file:///Users/ken/Development/projects/Draft/node_modules/react-router/dist/***REDACTED***/chunk-BV7QT456.mjs:7195:3)
    at Router (file:///Users/ken/Development/projects/Draft/node_modules/react-router/dist/***REDACTED***/chunk-BV7QT456.mjs:7134:13)
    at MemoryRouter (file:///Users/ken/Development/projects/Draft/node_modules/react-router/dist/***REDACTED***/chunk-BV7QT456.mjs:7044:3)
Warning: An update to DraftRoom inside a test was not wrapped in act(...).

When testing, code that causes React state updates should be wrapped into act(...):

act(() => {
  /* fire events that update state */
});
/* assert on the output */

This ensures that you're testing the behavior the user would see in the browser. Learn more at https://reactjs.org/link/wrap-tests-with-act
    at DraftRoom (/Users/ken/Development/projects/Draft/web/src/screens/draft-room/index.tsx:62:22)
    at RenderedRoute (file:///Users/ken/Development/projects/Draft/node_modules/react-router/dist/***REDACTED***/chunk-BV7QT456.mjs:6309:26)
    at Routes (file:///Users/ken/Development/projects/Draft/node_modules/react-router/dist/***REDACTED***/chunk-BV7QT456.mjs:7195:3)
    at Router (file:///Users/ken/Development/projects/Draft/node_modules/react-router/dist/***REDACTED***/chunk-BV7QT456.mjs:7134:13)
    at MemoryRouter (file:///Users/ken/Development/projects/Draft/node_modules/react-router/dist/***REDACTED***/chunk-BV7QT456.mjs:7044:3)
Warning: An update to DraftRoom inside a test was not wrapped in act(...).

When testing, code that causes React state updates should be wrapped into act(...):

act(() => {
  /* fire events that update state */
});
/* assert on the output */

This ensures that you're testing the behavior the user would see in the browser. Learn more at https://reactjs.org/link/wrap-tests-with-act
    at DraftRoom (/Users/ken/Development/projects/Draft/web/src/screens/draft-room/index.tsx:62:22)
    at RenderedRoute (file:///Users/ken/Development/projects/Draft/node_modules/react-router/dist/***REDACTED***/chunk-BV7QT456.mjs:6309:26)
    at Routes (file:///Users/ken/Development/projects/Draft/node_modules/react-router/dist/***REDACTED***/chunk-BV7QT456.mjs:7195:3)
    at Router (file:///Users/ken/Development/projects/Draft/node_modules/react-router/dist/***REDACTED***/chunk-BV7QT456.mjs:7134:13)
    at MemoryRouter (file:///Users/ken/Development/projects/Draft/node_modules/react-router/dist/***REDACTED***/chunk-BV7QT456.mjs:7044:3)

[90mstderr[2m | web/src/__tests__/F-MOD-013_draft_complete_routing.test.tsx[2m > [22m[2mF-MOD-013 draft-complete navigation and routing[2m > [22m[2mF_MOD_013_war_room_navigates_to_draft_complete_on_broadcast
[22m[39mWarning: An update to WarRoom inside a test was not wrapped in act(...).

When testing, code that causes React state updates should be wrapped into act(...):

act(() => {
  /* fire events that update state */
});
/* assert on the output */

This ensures that you're testing the behavior the user would see in the browser. Learn more at https://reactjs.org/link/wrap-tests-with-act
    at WarRoom (/Users/ken/Development/projects/Draft/web/src/screens/war-room/index.tsx:55:20)
    at RenderedRoute (file:///Users/ken/Development/projects/Draft/node_modules/react-router/dist/***REDACTED***/chunk-BV7QT456.mjs:6309:26)
    at Routes (file:///Users/ken/Development/projects/Draft/node_modules/react-router/dist/***REDACTED***/chunk-BV7QT456.mjs:7195:3)
    at Router (file:///Users/ken/Development/projects/Draft/node_modules/react-router/dist/***REDACTED***/chunk-BV7QT456.mjs:7134:13)
    at MemoryRouter (file:///Users/ken/Development/projects/Draft/node_modules/react-router/dist/***REDACTED***/chunk-BV7QT456.mjs:7044:3)
Warning: An update to WarRoom inside a test was not wrapped in act(...).

When testing, code that causes React state updates should be wrapped into act(...):

act(() => {
  /* fire events that update state */
});
/* assert on the output */

This ensures that you're testing the behavior the user would see in the browser. Learn more at https://reactjs.org/link/wrap-tests-with-act
    at WarRoom (/Users/ken/Development/projects/Draft/web/src/screens/war-room/index.tsx:55:20)
    at RenderedRoute (file:///Users/ken/Development/projects/Draft/node_modules/react-router/dist/***REDACTED***/chunk-BV7QT456.mjs:6309:26)
    at Routes (file:///Users/ken/Development/projects/Draft/node_modules/react-router/dist/***REDACTED***/chunk-BV7QT456.mjs:7195:3)
    at Router (file:///Users/ken/Development/projects/Draft/node_modules/react-router/dist/***REDACTED***/chunk-BV7QT456.mjs:7134:13)
    at MemoryRouter (file:///Users/ken/Development/projects/Draft/node_modules/react-router/dist/***REDACTED***/chunk-BV7QT456.mjs:7044:3)
Warning: An update to WarRoom inside a test was not wrapped in act(...).

When testing, code that causes React state updates should be wrapped into act(...):

act(() => {
  /* fire events that update state */
});
/* assert on the output */

This ensures that you're testing the behavior the user would see in the browser. Learn more at https://reactjs.org/link/wrap-tests-with-act
    at WarRoom (/Users/ken/Development/projects/Draft/web/src/screens/war-room/index.tsx:55:20)
    at RenderedRoute (file:///Users/ken/Development/projects/Draft/node_modules/react-router/dist/***REDACTED***/chunk-BV7QT456.mjs:6309:26)
    at Routes (file:///Users/ken/Development/projects/Draft/node_modules/react-router/dist/***REDACTED***/chunk-BV7QT456.mjs:7195:3)
    at Router (file:///Users/ken/Development/projects/Draft/node_modules/react-router/dist/***REDACTED***/chunk-BV7QT456.mjs:7134:13)
    at MemoryRouter (file:///Users/ken/Development/projects/Draft/node_modules/react-router/dist/***REDACTED***/chunk-BV7QT456.mjs:7044:3)

[90mstderr[2m | web/src/__tests__/F-MOD-013_draft_complete_routing.test.tsx[2m > [22m[2mF-MOD-013 draft-complete navigation and routing[2m > [22m[2mF_MOD_013_draft_room_reconnect_snapshot_already_complete_routes_away
[22m[39mWarning: An update to DraftRoom inside a test was not wrapped in act(...).

When testing, code that causes React state updates should be wrapped into act(...):

act(() => {
  /* fire events that update state */
});
/* assert on the output */

This ensures that you're testing the behavior the user would see in the browser. Learn more at https://reactjs.org/link/wrap-tests-with-act
    at DraftRoom (/Users/ken/Development/projects/Draft/web/src/screens/draft-room/index.tsx:62:22)
    at RenderedRoute (file:///Users/ken/Development/projects/Draft/node_modules/react-router/dist/***REDACTED***/chunk-BV7QT456.mjs:6309:26)
    at Routes (file:///Users/ken/Development/projects/Draft/node_modules/react-router/dist/***REDACTED***/chunk-BV7QT456.mjs:7195:3)
    at Router (file:///Users/ken/Development/projects/Draft/node_modules/react-router/dist/***REDACTED***/chunk-BV7QT456.mjs:7134:13)
    at MemoryRouter (file:///Users/ken/Development/projects/Draft/node_modules/react-router/dist/***REDACTED***/chunk-BV7QT456.mjs:7044:3)
Warning: An update to DraftRoom inside a test was not wrapped in act(...).

When testing, code that causes React state updates should be wrapped into act(...):

act(() => {
  /* fire events that update state */
});
/* assert on the output */

This ensures that you're testing the behavior the user would see in the browser. Learn more at https://reactjs.org/link/wrap-tests-with-act
    at DraftRoom (/Users/ken/Development/projects/Draft/web/src/screens/draft-room/index.tsx:62:22)
    at RenderedRoute (file:///Users/ken/Development/projects/Draft/node_modules/react-router/dist/***REDACTED***/chunk-BV7QT456.mjs:6309:26)
    at Routes (file:///Users/ken/Development/projects/Draft/node_modules/react-router/dist/***REDACTED***/chunk-BV7QT456.mjs:7195:3)
    at Router (file:///Users/ken/Development/projects/Draft/node_modules/react-router/dist/***REDACTED***/chunk-BV7QT456.mjs:7134:13)
    at MemoryRouter (file:///Users/ken/Development/projects/Draft/node_modules/react-router/dist/***REDACTED***/chunk-BV7QT456.mjs:7044:3)

Error: Not implemented: navigation (except hash changes)
    at module.exports (/Users/ken/Development/projects/Draft/node_modules/jsdom/lib/jsdom/browser/not-implemented.js:9:17)
    at navigateFetch (/Users/ken/Development/projects/Draft/node_modules/jsdom/lib/jsdom/living/window/navigation.js:77:3)
    at exports.navigate (/Users/ken/Development/projects/Draft/node_modules/jsdom/lib/jsdom/living/window/navigation.js:55:3)
    at Timeout._onTimeout (/Users/ken/Development/projects/Draft/node_modules/jsdom/lib/jsdom/living/nodes/HTMLHyperlinkElementUtils-impl.js:81:7)
    at listOnTimeout (node:internal/timers:608:17)
    at processTimers (node:internal/timers:543:7) undefined
Error: Not implemented: navigation (except hash changes)
    at module.exports (/Users/ken/Development/projects/Draft/node_modules/jsdom/lib/jsdom/browser/not-implemented.js:9:17)
    at navigateFetch (/Users/ken/Development/projects/Draft/node_modules/jsdom/lib/jsdom/living/window/navigation.js:77:3)
    at exports.navigate (/Users/ken/Development/projects/Draft/node_modules/jsdom/lib/jsdom/living/window/navigation.js:55:3)
    at Timeout._onTimeout (/Users/ken/Development/projects/Draft/node_modules/jsdom/lib/jsdom/living/nodes/HTMLHyperlinkElementUtils-impl.js:81:7)
    at listOnTimeout (node:internal/timers:608:17)
    at processTimers (node:internal/timers:543:7) undefined

[31m⎯⎯⎯⎯⎯⎯[39m[1m[41m Failed Tests 205 [49m[22m[31m⎯⎯⎯⎯⎯⎯[39m

[41m[1m FAIL [22m[49m [30m[43m node [49m[39m server/src/__tests__/F-MOD-000_auth.test.ts[2m > [22mF-MOD-000 auth routes[2m > [22mtest_F_MOD_000_auth_league_commissioner_returns_jwt
[31m[1mAssertionError[22m: expected 500 to be 200 // Object.is equality[39m

[32m- Expected[39m
[31m+ Received[39m

[32m- 200[39m
[31m+ 500[39m

[36m [2m❯[22m server/src/__tests__/F-MOD-000_auth.test.ts:[2m136:33[22m[39m
    [90m134|[39m       payload: { role: 'COMMISSIONER', password: ***REDACTED*** },
    [90m135|[39m     });
    [90m136|[39m     expect(response.statusCode).toBe(200);
    [90m   |[39m                                 [31m^[39m
    [90m137|[39m     const body = response.json<{ token: ***REDACTED*** expires_in: number }>(…
    [90m138|[39m     expect(typeof body.token).toBe('string');

[31m[2m⎯⎯⎯⎯⎯⎯⎯⎯⎯⎯⎯⎯⎯⎯⎯⎯⎯⎯⎯⎯⎯⎯[1/205]⎯[22m[39m

[41m[1m FAIL [22m[49m [30m[43m node [49m[39m server/src/__tests__/F-MOD-000_auth.test.ts[2m > [22mF-MOD-000 auth routes[2m > [22mtest_F_MOD_000_auth_league_commissioner_jwt_has_correct_claims
[31m[1mTypeError[22m: Cannot read properties of undefined (reading 'split')[39m
[36m [2m❯[22m server/src/__tests__/F-MOD-000_auth.test.ts:[2m152:30[22m[39m
    [90m150|[39m
    [90m151|[39m     // Decode JWT payload (middle part, base64url)
    [90m152|[39m     const payloadB64 = token.split('.')[1];
    [90m   |[39m                              [31m^[39m
    [90m153|[39m     const payload = JSON.parse(
    [90m154|[39m       Buffer.from(payloadB64, 'base64url').toString(),

[31m[2m⎯⎯⎯⎯⎯⎯⎯⎯⎯⎯⎯⎯⎯⎯⎯⎯⎯⎯⎯⎯⎯⎯[2/205]⎯[22m[39m

[41m[1m FAIL [22m[49m [30m[43m node [49m[39m server/src/__tests__/F-MOD-000_auth.test.ts[2m > [22mF-MOD-000 auth routes[2m > [22mtest_F_MOD_000_auth_league_owner_returns_jwt
[31m[1mAssertionError[22m: expected 500 to be 200 // Object.is equality[39m

[32m- Expected[39m
[31m+ Received[39m

[32m- 200[39m
[31m+ 500[39m

[36m [2m❯[22m server/src/__tests__/F-MOD-000_auth.test.ts:[2m168:33[22m[39m
    [90m166|[39m       payload: { role: 'OWNER', team_id: testTeamId, password: ***REDACTED***

[31m[2m⎯⎯⎯⎯⎯⎯⎯⎯⎯⎯⎯⎯⎯⎯⎯⎯⎯⎯⎯⎯⎯⎯[3/205]⎯[22m[39m

[41m[1m FAIL [22m[49m [30m[43m node [49m[39m server/src/__tests__/F-MOD-000_auth.test.ts[2m > [22mF-MOD-000 auth routes[2m > [22mtest_F_MOD_000_auth_league_owner_jwt_has_team_id
[31m[1mTypeError[22m: Cannot read properties of undefined (reading 'split')[39m
[36m [2m❯[22m server/src/__tests__/F-MOD-000_auth.test.ts:[2m182:30[22m[39m
    [90m180|[39m     const { token ***REDACTED*** = response.json<{ token: ***REDACTED*** }>();
    [90m181|[39m
    [90m182|[39m     const payloadB64 = token.split('.')[1];
    [90m   |[39m                              [31m^[39m
    [90m183|[39m     const payload = JSON.parse(
    [90m184|[39m       Buffer.from(payloadB64, 'base64url').toString(),

[31m[2m⎯⎯⎯⎯⎯⎯⎯⎯⎯⎯⎯⎯⎯⎯⎯⎯⎯⎯⎯⎯⎯⎯[4/205]⎯[22m[39m

[41m[1m FAIL [22m[49m [30m[43m node [49m[39m server/src/__tests__/F-MOD-000_auth.test.ts[2m > [22mF-MOD-000 auth routes[2m > [22mtest_F_MOD_000_auth_league_wrong_password_returns_401
[31m[1mAssertionError[22m: expected 500 to be 401 // Object.is equality[39m

[32m- Expected[39m
[31m+ Received[39m

[32m- 401[39m
[31m+ 500[39m

[36m [2m❯[22m server/src/__tests__/F-MOD-000_auth.test.ts:[2m199:33[22m[39m
    [90m197|[39m       payload: { role: 'COMMISSIONER', password: ***REDACTED*** },
    [90m198|[39m     });
    [90m199|[39m     expect(response.statusCode).toBe(401);
    [90m   |[39m                                 [31m^[39m
    [90m200|[39m     expect(response.json<{ code: string }>().code).toBe('INVALID_CREDE…
    [90m201|[39m   });

[31m[2m⎯⎯⎯⎯⎯⎯⎯⎯⎯⎯⎯⎯⎯⎯⎯⎯⎯⎯⎯⎯⎯⎯[5/205]⎯[22m[39m

[41m[1m FAIL [22m[49m [30m[43m node [49m[39m server/src/__tests__/F-MOD-001_dataset.test.ts[2m > [22mF-MOD-001 dataset and draft[2m > [22mtest_F_MOD_001_create_dataset_returns_201_with_status_DRAFT_version_1
[31m[1mAssertionError[22m: expected 403 to be 201 // Object.is equality[39m

[32m- Expected[39m
[31m+ Received[39m

[32m- 201[39m
[31m+ 403[39m

[36m [2m❯[22m server/src/__tests__/F-MOD-001_dataset.test.ts:[2m100:28[22m[39m
    [90m 98|[39m       headers: { authorization: ***REDACTED*** ***REDACTED*** },
    [90m 99|[39m     });
    [90m100|[39m     expect(res.statusCode).toBe(201);
    [90m   |[39m                            [31m^[39m
    [90m101|[39m     const body = res.json<{ id: string; status: string; version: numbe…
    [90m102|[39m     expect(body.status).toBe('DRAFT');

[31m[2m⎯⎯⎯⎯⎯⎯⎯⎯⎯⎯⎯⎯⎯⎯⎯⎯⎯⎯⎯⎯⎯⎯[6/205]⎯[22m[39m

[41m[1m FAIL [22m[49m [30m[43m node [49m[39m server/src/__tests__/F-MOD-001_dataset.test.ts[2m > [22mF-MOD-001 dataset and draft[2m > [22mtest_F_MOD_001_csv_import_parses_in_worker_thread_returns_rows_imported
[31m[1mAssertionError[22m: expected 403 to be 200 // Object.is equality[39m

[32m- Expected[39m
[31m+ Received[39m

[32m- 200[39m
[31m+ 403[39m

[36m [2m❯[22m server/src/__tests__/F-MOD-001_dataset.test.ts:[2m137:28[22m[39m
    [90m135|[39m     });
    [90m136|[39m
    [90m137|[39m     expect(res.statusCode).toBe(200);
    [90m   |[39m                            [31m^[39m
    [90m138|[39m     const result = res.json<{ rows_imported: number; errors: unknown[]…
    [90m139|[39m     expect(result.rows_imported).toBe(3);

[31m[2m⎯⎯⎯⎯⎯⎯⎯⎯⎯⎯⎯⎯⎯⎯⎯⎯⎯⎯⎯⎯⎯⎯[7/205]⎯[22m[39m

[41m[1m FAIL [22m[49m [30m[43m node [49m[39m server/src/__tests__/F-MOD-001_dataset.test.ts[2m > [22mF-MOD-001 dataset and draft[2m > [22mtest_F_MOD_001_csv_import_returns_errors_for_invalid_rows
[31m[1mAssertionError[22m: expected 403 to be 200 // Object.is equality[39m

[32m- Expected[39m
[31m+ Received[39m

[32m- 200[39m
[31m+ 403[39m

[36m [2m❯[22m server/src/__tests__/F-MOD-001_dataset.test.ts:[2m171:28[22m[39m
    [90m169|[39m     });
    [90m170|[39m
    [90m171|[39m     expect(res.statusCode).toBe(200);
    [90m   |[39m                            [31m^[39m
    [90m172|[39m     const result = res.json<{ rows_imported: number; errors: Array<{ r…
    [90m173|[39m     // 1 valid, 2 errors

[31m[2m⎯⎯⎯⎯⎯⎯⎯⎯⎯⎯⎯⎯⎯⎯⎯⎯⎯⎯⎯⎯⎯⎯[8/205]⎯[22m[39m

[41m[1m FAIL [22m[49m [30m[43m node [49m[39m server/src/__tests__/F-MOD-001_dataset.test.ts[2m > [22mF-MOD-001 dataset and draft[2m > [22mtest_F_MOD_001_csv_import_on_frozen_dataset_returns_409
[31m[1mAssertionError[22m: expected 403 to be 409 // Object.is equality[39m

[32m- Expected[39m
[31m+ Received[39m

[32m- 409[39m
[31m+ 403[39m

[36m [2m❯[22m server/src/__tests__/F-MOD-001_dataset.test.ts:[2m213:28[22m[39m
    [90m211|[39m       body: body2,
    [90m212|[39m     });
    [90m213|[39m     expect(res.statusCode).toBe(409);
    [90m   |[39m                            [31m^[39m
    [90m214|[39m   });
    [90m215|[39m

[31m[2m⎯⎯⎯⎯⎯⎯⎯⎯⎯⎯⎯⎯⎯⎯⎯⎯⎯⎯⎯⎯⎯⎯[9/205]⎯[22m[39m

[41m[1m FAIL [22m[49m [30m[43m node [49m[39m server/src/__tests__/F-MOD-001_dataset.test.ts[2m > [22mF-MOD-001 dataset and draft[2m > [22mtest_F_MOD_001_freeze_dataset_sets_status_FROZEN_and_records_frozen_at
[31m[1mAssertionError[22m: expected 403 to be 200 // Object.is equality[39m

[32m- Expected[39m
[31m+ Received[39m

[32m- 200[39m
[31m+ 403[39m

[36m [2m❯[22m server/src/__tests__/F-MOD-001_dataset.test.ts:[2m243:28[22m[39m
    [90m241|[39m       headers: { authorization: ***REDACTED*** ***REDACTED*** },
    [90m242|[39m     });
    [90m243|[39m     expect(res.statusCode).toBe(200);
    [90m   |[39m                            [31m^[39m
    [90m244|[39m     const body = res.json<{ id: string; status: string; frozen_at: str…
    [90m245|[39m     expect(body.status).toBe('FROZEN');

[31m[2m⎯⎯⎯⎯⎯⎯⎯⎯⎯⎯⎯⎯⎯⎯⎯⎯⎯⎯⎯⎯⎯[10/205]⎯[22m[39m

[41m[1m FAIL [22m[49m [30m[43m node [49m[39m server/src/__tests__/F-MOD-001_dataset.test.ts[2m > [22mF-MOD-001 dataset and draft[2m > [22mtest_F_MOD_001_create_draft_with_frozen_dataset_returns_201_status_CREATED
[31m[1mAssertionError[22m: expected 403 to be 201 // Object.is equality[39m

[32m- Expected[39m
[31m+ Received[39m

[32m- 201[39m
[31m+ 403[39m

[36m [2m❯[22m server/src/__tests__/F-MOD-001_dataset.test.ts:[2m302:28[22m[39m
    [90m300|[39m       payload: { dataset_id: datasetId },
    [90m301|[39m     });
    [90m302|[39m     expect(res.statusCode).toBe(201);
    [90m   |[39m                            [31m^[39m
    [90m303|[39m     const body = res.json<{ id: string; league_id: string; status: str…
    [90m304|[39m     expect(body.status).toBe('CREATED');

[31m[2m⎯⎯⎯⎯⎯⎯⎯⎯⎯⎯⎯⎯⎯⎯⎯⎯⎯⎯⎯⎯⎯[11/205]⎯[22m[39m

[41m[1m FAIL [22m[49m [30m[43m node [49m[39m server/src/__tests__/F-MOD-001_dataset.test.ts[2m > [22mF-MOD-001 dataset and draft[2m > [22mtest_F_MOD_001_list_players_returns_integer_aav_minor_no_floats
[31m[1mAssertionError[22m: expected 403 to be 200 // Object.is equality[39m

[32m- Expected[39m
[31m+ Received[39m

[32m- 200[39m
[31m+ 403[39m

[36m [2m❯[22m server/src/__tests__/F-MOD-001_dataset.test.ts:[2m348:28[22m[39m
    [90m346|[39m       headers: { authorization: ***REDACTED*** ***REDACTED*** },
    [90m347|[39m     });
    [90m348|[39m     expect(res.statusCode).toBe(200);
    [90m   |[39m                            [31m^[39m
    [90m349|[39m     const body = res.json<{ players: Array<{ aav_minor: number; name: …
    [90m350|[39m     expect(body.players.length).toBe(2);

[31m[2m⎯⎯⎯⎯⎯⎯⎯⎯⎯⎯⎯⎯⎯⎯⎯⎯⎯⎯⎯⎯⎯[12/205]⎯[22m[39m

[41m[1m FAIL [22m[49m [30m[43m node [49m[39m server/src/__tests__/F-MOD-001_dataset.test.ts[2m > [22mF-MOD-001 dataset and draft[2m > [22mtest_F_MOD_001_list_players_no_frozen_dataset_returns_empty_array
[31m[1mAssertionError[22m: expected 403 to be 200 // Object.is equality[39m

[32m- Expected[39m
[31m+ Received[39m

[32m- 200[39m
[31m+ 403[39m

[36m [2m❯[22m server/src/__tests__/F-MOD-001_dataset.test.ts:[2m370:28[22m[39m
    [90m368|[39m       headers: { authorization: ***REDACTED*** ***REDACTED*** },
    [90m369|[39m     });
    [90m370|[39m     expect(res.statusCode).toBe(200);
    [90m   |[39m                            [31m^[39m
    [90m371|[39m     const body = res.json<{ players: unknown[] }>();
    [90m372|[39m     expect(body.players).toHaveLength(0);

[31m[2m⎯⎯⎯⎯⎯⎯⎯⎯⎯⎯⎯⎯⎯⎯⎯⎯⎯⎯⎯⎯⎯[13/205]⎯[22m[39m

[41m[1m FAIL [22m[49m [30m[43m node [49m[39m server/src/__tests__/F-MOD-001_league.test.ts[2m > [22mF-MOD-001 league CRUD[2m > [22mtest_F_MOD_001_create_league_returns_201_with_id_and_name
[31m[1mAssertionError[22m: expected 500 to be 201 // Object.is equality[39m

[32m- Expected[39m
[31m+ Received[39m

[32m- 201[39m
[31m+ 500[39m

[36m [2m❯[22m server/src/__tests__/F-MOD-001_league.test.ts:[2m72:28[22m[39m
    [90m 70|[39m       },
    [90m 71|[39m     });
    [90m 72|[39m     expect(res.statusCode).toBe(201);
    [90m   |[39m                            [31m^[39m
    [90m 73|[39m     const body = res.json<{ id: string; name: string }>();
    [90m 74|[39m     expect(body.name).toBe('Test League Alpha');

[31m[2m⎯⎯⎯⎯⎯⎯⎯⎯⎯⎯⎯⎯⎯⎯⎯⎯⎯⎯⎯⎯⎯[14/205]⎯[22m[39m

[41m[1m FAIL [22m[49m [30m[43m node [49m[39m server/src/__tests__/F-MOD-001_league.test.ts[2m > [22mF-MOD-001 league CRUD[2m > [22mtest_F_MOD_001_create_league_stores_bcrypt_hashes_not_plaintext_and_auth_epoch_is_1
[31m[1mAssertionError[22m: expected 500 to be 201 // Object.is equality[39m

[32m- Expected[39m
[31m+ Received[39m

[32m- 201[39m
[31m+ 500[39m

[36m [2m❯[22m server/src/__tests__/F-MOD-001_league.test.ts:[2m89:28[22m[39m
    [90m 87|[39m       },
    [90m 88|[39m     });
    [90m 89|[39m     expect(res.statusCode).toBe(201);
    [90m   |[39m                            [31m^[39m
    [90m 90|[39m     testLeagueId = res.json<{ id: string }>().id;
    [90m 91|[39m

[31m[2m⎯⎯⎯⎯⎯⎯⎯⎯⎯⎯⎯⎯⎯⎯⎯⎯⎯⎯⎯⎯⎯[15/205]⎯[22m[39m

[41m[1m FAIL [22m[49m [30m[43m node [49m[39m server/src/__tests__/F-MOD-001_league.test.ts[2m > [22mF-MOD-001 league CRUD[2m > [22mtest_F_MOD_001_get_league_returns_id_and_name_without_password_hashes
[31m[1mAssertionError[22m: expected 403 to be 200 // Object.is equality[39m

[32m- Expected[39m
[31m+ Received[39m

[32m- 200[39m
[31m+ 403[39m

[36m [2m❯[22m server/src/__tests__/F-MOD-001_league.test.ts:[2m130:28[22m[39m
    [90m128|[39m       headers: { authorization: ***REDACTED*** ***REDACTED*** },
    [90m129|[39m     });
    [90m130|[39m     expect(res.statusCode).toBe(200);
    [90m   |[39m                            [31m^[39m
    [90m131|[39m     const body = res.json<Record<string, unknown>>();
    [90m132|[39m     expect(body['id']).toBe(testLeagueId);

[31m[2m⎯⎯⎯⎯⎯⎯⎯⎯⎯⎯⎯⎯⎯⎯⎯⎯⎯⎯⎯⎯⎯[16/205]⎯[22m[39m

[41m[1m FAIL [22m[49m [30m[43m node [49m[39m server/src/__tests__/F-MOD-001_league.test.ts[2m > [22mF-MOD-001 league CRUD[2m > [22mtest_F_MOD_001_get_league_token_for_different_league_returns_403
[31m[1mError[22m: UNDEFINED_VALUE: Undefined values are not allowed[39m
[90m [2m❯[22m handleValue node_modules/postgres/src/types.js:[2m83:20[22m[39m
[90m [2m❯[22m stringifyValue node_modules/postgres/src/types.js:[2m113:5[22m[39m
[90m [2m❯[22m stringify node_modules/postgres/src/types.js:[2m100:16[22m[39m
[90m [2m❯[22m build node_modules/postgres/src/connection.js:[2m228:20[22m[39m
[90m [2m❯[22m execute node_modules/postgres/src/connection.js:[2m172:7[22m[39m
[90m [2m❯[22m ReadyForQuery node_modules/postgres/src/connection.js:[2m567:38[22m[39m
[90m [2m❯[22m handle node_modules/postgres/src/connection.js:[2m489:6[22m[39m
[90m [2m❯[22m Socket.data node_modules/postgres/src/connection.js:[2m324:9[22m[39m
[90m [2m❯[22m cachedError node_modules/postgres/src/query.js:[2m170:23[22m[39m
[90m [2m❯[22m new Query node_modules/postgres/src/query.js:[2m36:24[22m[39m
[90m [2m❯[22m sql node_modules/postgres/src/index.js:[2m112:11[22m[39m
[36m [2m❯[22m server/src/__tests__/F-MOD-001_league.test.ts:[2m163:14[22m[39m
    [90m161|[39m     expect(res.statusCode).toBe(403);
    [90m162|[39m
    [90m163|[39m     await sql`DELETE FROM leagues WHERE id = ${league2Id}`;
    [90m   |[39m              [31m^[39m
    [90m164|[39m   });
    [90m165|[39m

[31m[2m⎯⎯⎯⎯⎯⎯⎯⎯⎯⎯⎯⎯⎯⎯⎯⎯⎯⎯⎯⎯⎯[17/205]⎯[22m[39m

[41m[1m FAIL [22m[49m [30m[43m node [49m[39m server/src/__tests__/F-MOD-001_league.test.ts[2m > [22mF-MOD-001 league CRUD[2m > [22mtest_F_MOD_001_create_team_returns_201_with_id_name_draft_order
[31m[1mAssertionError[22m: expected 403 to be 201 // Object.is equality[39m

[32m- Expected[39m
[31m+ Received[39m

[32m- 201[39m
[31m+ 403[39m

[36m [2m❯[22m server/src/__tests__/F-MOD-001_league.test.ts:[2m183:28[22m[39m
    [90m181|[39m       payload: { name: 'The Sharks', team_password: ***REDACTED*** draft…
    [90m182|[39m     });
    [90m183|[39m     expect(res.statusCode).toBe(201);
    [90m   |[39m                            [31m^[39m
    [90m184|[39m     const body = res.json<{ id: string; name: string; draft_order: num…
    [90m185|[39m     expect(body.name).toBe('The Sharks');

[31m[2m⎯⎯⎯⎯⎯⎯⎯⎯⎯⎯⎯⎯⎯⎯⎯⎯⎯⎯⎯⎯⎯[18/205]⎯[22m[39m

[41m[1m FAIL [22m[49m [30m[43m node [49m[39m server/src/__tests__/F-MOD-001_league.test.ts[2m > [22mF-MOD-001 league CRUD[2m > [22mtest_F_MOD_001_create_team_stores_bcrypt_hash_not_plaintext
[31m[1mError[22m: UNDEFINED_VALUE: Undefined values are not allowed[39m
[90m [2m❯[22m handleValue node_modules/postgres/src/types.js:[2m83:20[22m[39m
[90m [2m❯[22m stringifyValue node_modules/postgres/src/types.js:[2m113:5[22m[39m
[90m [2m❯[22m stringify node_modules/postgres/src/types.js:[2m100:16[22m[39m
[90m [2m❯[22m build node_modules/postgres/src/connection.js:[2m228:20[22m[39m
[90m [2m❯[22m Object.execute node_modules/postgres/src/connection.js:[2m172:7[22m[39m
[90m [2m❯[22m go node_modules/postgres/src/index.js:[2m345:14[22m[39m
[90m [2m❯[22m Query.handler node_modules/postgres/src/index.js:[2m334:14[22m[39m
[90m [2m❯[22m Query.handle node_modules/postgres/src/query.js:[2m140:65[22m[39m
[90m [2m❯[22m cachedError node_modules/postgres/src/query.js:[2m170:23[22m[39m
[90m [2m❯[22m new Query node_modules/postgres/src/query.js:[2m36:24[22m[39m
[90m [2m❯[22m sql node_modules/postgres/src/index.js:[2m112:11[22m[39m
[36m [2m❯[22m server/src/__tests__/F-MOD-001_league.test.ts:[2m207:62[22m[39m
    [90m205|[39m     const teamId = res.json<{ id: string }>().id;
    [90m206|[39m
    [90m207|[39m     const [row] = await sql<[{ team_password_hash: string }]>`
    [90m   |[39m                                                              [31m^[39m
    [90m208|[39m       SELECT team_password_hash FROM teams WHERE id = ${teamId}
    [90m209|[39m     `;

[31m[2m⎯⎯⎯⎯⎯⎯⎯⎯⎯⎯⎯⎯⎯⎯⎯⎯⎯⎯⎯⎯⎯[19/205]⎯[22m[39m

[41m[1m FAIL [22m[49m [30m[43m node [49m[39m server/src/__tests__/F-MOD-001_league.test.ts[2m > [22mF-MOD-001 league CRUD[2m > [22mtest_F_MOD_001_list_teams_returns_array_without_password_hashes
[31m[1mAssertionError[22m: expected 403 to be 200 // Object.is equality[39m

[32m- Expected[39m
[31m+ Received[39m

[32m- 200[39m
[31m+ 403[39m

[36m [2m❯[22m server/src/__tests__/F-MOD-001_league.test.ts:[2m237:28[22m[39m
    [90m235|[39m       headers: { authorization: ***REDACTED*** ***REDACTED*** },
    [90m236|[39m     });
    [90m237|[39m     expect(res.statusCode).toBe(200);
    [90m   |[39m                            [31m^[39m
    [90m238|[39m     const body = res.json<{ teams: Array<Record<string, unknown>> }>();
    [90m239|[39m     expect(Array.isArray(body.teams)).toBe(true);

[31m[2m⎯⎯⎯⎯⎯⎯⎯⎯⎯⎯⎯⎯⎯⎯⎯⎯⎯⎯⎯⎯⎯[20/205]⎯[22m[39m

[41m[1m FAIL [22m[49m [30m[43m node [49m[39m server/src/__tests__/F-MOD-001_league.test.ts[2m > [22mF-MOD-001 league CRUD[2m > [22mtest_F_MOD_001_set_roster_config_valid_request_returns_200
[31m[1mAssertionError[22m: expected 403 to be 200 // Object.is equality[39m

[32m- Expected[39m
[31m+ Received[39m

[32m- 200[39m
[31m+ 403[39m

[36m [2m❯[22m server/src/__tests__/F-MOD-001_league.test.ts:[2m272:28[22m[39m
    [90m270|[39m     });
    [90m271|[39m     // total_roster_size = 1+2+2+1+6 = 12
    [90m272|[39m     expect(res.statusCode).toBe(200);
    [90m   |[39m                            [31m^[39m
    [90m273|[39m   });
    [90m274|[39m

[31m[2m⎯⎯⎯⎯⎯⎯⎯⎯⎯⎯⎯⎯⎯⎯⎯⎯⎯⎯⎯⎯⎯[21/205]⎯[22m[39m

[41m[1m FAIL [22m[49m [30m[43m node [49m[39m server/src/__tests__/F-MOD-001_league.test.ts[2m > [22mF-MOD-001 league CRUD[2m > [22mtest_F_MOD_001_set_auction_config_stores_integer_values_no_floats
[31m[1mAssertionError[22m: expected 403 to be 200 // Object.is equality[39m

[32m- Expected[39m
[31m+ Received[39m

[32m- 200[39m
[31m+ 403[39m

[36m [2m❯[22m server/src/__tests__/F-MOD-001_league.test.ts:[2m319:28[22m[39m
    [90m317|[39m       },
    [90m318|[39m     });
    [90m319|[39m     expect(res.statusCode).toBe(200);
    [90m   |[39m                            [31m^[39m
    [90m320|[39m
    [90m321|[39m     const [row] = await sql<[{

[31m[2m⎯⎯⎯⎯⎯⎯⎯⎯⎯⎯⎯⎯⎯⎯⎯⎯⎯⎯⎯⎯⎯[22/205]⎯[22m[39m

[41m[1m FAIL [22m[49m [30m[43m node [49m[39m server/src/__tests__/F-MOD-002_auction.test.ts[2m > [22mF-MOD-002 auction engine[2m > [22mtest_F_MOD_002_start_draft_transitions_CREATED_to_RUNNING_and_appends_event
[31m[1mError[22m: UNDEFINED_VALUE: Undefined values are not allowed[39m
[90m [2m❯[22m handleValue node_modules/postgres/src/types.js:[2m83:20[22m[39m
[90m [2m❯[22m stringifyValue node_modules/postgres/src/types.js:[2m113:5[22m[39m
[90m [2m❯[22m stringify node_modules/postgres/src/types.js:[2m100:16[22m[39m
[90m [2m❯[22m build node_modules/postgres/src/connection.js:[2m228:20[22m[39m
[90m [2m❯[22m execute node_modules/postgres/src/connection.js:[2m172:7[22m[39m
[90m [2m❯[22m ReadyForQuery node_modules/postgres/src/connection.js:[2m567:38[22m[39m
[90m [2m❯[22m handle node_modules/postgres/src/connection.js:[2m489:6[22m[39m
[90m [2m❯[22m Socket.data node_modules/postgres/src/connection.js:[2m324:9[22m[39m
[90m [2m❯[22m cachedError node_modules/postgres/src/query.js:[2m170:23[22m[39m
[90m [2m❯[22m new Query node_modules/postgres/src/query.js:[2m36:24[22m[39m
[90m [2m❯[22m sql node_modules/postgres/src/index.js:[2m112:11[22m[39m
[36m [2m❯[22m setupDraft server/src/__tests__/F-MOD-002_auction.test.ts:[2m151:53[22m[39m
    [90m149|[39m     team2Id = t2.json<{ id: string }>().id;
    [90m150|[39m
    [90m151|[39m     const [e1] = await sql<[{ auth_epoch: number }]>`SELECT auth_epoch…
    [90m   |[39m                                                     [31m^[39m
    [90m152|[39m     const [e2] = await sql<[{ auth_epoch: number }]>`SELECT auth_epoch…
    [90m153|[39m

[31m[2m⎯⎯⎯⎯⎯⎯⎯⎯⎯⎯⎯⎯⎯⎯⎯⎯⎯⎯⎯⎯⎯[23/205]⎯[22m[39m

[41m[1m FAIL [22m[49m [30m[43m node [49m[39m server/src/__tests__/F-MOD-002_auction.test.ts[2m > [22mF-MOD-002 auction engine[2m > [22mtest_F_MOD_002_start_draft_non_commissioner_returns_403_draft_stays_CREATED
[41m[1m FAIL [22m[49m [30m[43m node [49m[39m server/src/__tests__/F-MOD-002_auction.test.ts[2m > [22mF-MOD-002 auction engine[2m > [22mtest_F_MOD_002_start_draft_initializes_draft_team_states_with_correct_budget
[41m[1m FAIL [22m[49m [30m[43m node [49m[39m server/src/__tests__/F-MOD-002_auction.test.ts[2m > [22mF-MOD-002 auction engine[2m > [22mtest_F_MOD_002_pause_and_resume_append_events_and_transition_status
[41m[1m FAIL [22m[49m [30m[43m node [49m[39m server/src/__tests__/F-MOD-002_auction.test.ts[2m > [22mF-MOD-002 auction engine[2m > [22mtest_F_MOD_002_starting_already_running_draft_returns_409
[41m[1m FAIL [22m[49m [30m[43m node [49m[39m server/src/__tests__/F-MOD-002_auction.test.ts[2m > [22mF-MOD-002 auction engine[2m > [22mtest_F_MOD_002_ws_authenticate_sends_AUTHENTICATED_on_valid_token
***REDACTED*** FAIL [22m[49m [30m[43m node [49m[39m server/src/__tests__/F-MOD-002_auction.test.ts[2m > [22mF-MOD-002 auction engine[2m > [22mtest_F_MOD_002_ws_closes_4401_on_invalid_jwt
[41m[1m FAIL [22m[49m [30m[43m node [49m[39m server/src/__tests__/F-MOD-002_auction.test.ts[2m > [22mF-MOD-002 auction engine[2m > [22mtest_F_MOD_002_ws_closes_4401_when_auth_epoch_is_stale
[41m[1m FAIL [22m[49m [30m[43m node [49m[39m server/src/__tests__/F-MOD-002_auction.test.ts[2m > [22mF-MOD-002 auction engine[2m > [22mtest_F_MOD_002_ws_closes_4401_on_wrong_league_in_token
***REDACTED*** FAIL [22m[49m [30m[43m node [49m[39m server/src/__tests__/F-MOD-002_auction.test.ts[2m > [22mF-MOD-002 auction engine[2m > [22mtest_F_MOD_002_nominate_creates_OPEN_player_auction_and_broadcasts_NOMINATION_STARTED
[41m[1m FAIL [22m[49m [30m[43m node [49m[39m server/src/__tests__/F-MOD-002_auction.test.ts[2m > [22mF-MOD-002 auction engine[2m > [22mtest_F_MOD_002_absolute_bid_accepted_persists_bid_attempt_and_broadcasts_BID_ACCEPTED
[41m[1m FAIL [22m[49m [30m[43m node [49m[39m server/src/__tests__/F-MOD-002_auction.test.ts[2m > [22mF-MOD-002 auction engine[2m > [22mtest_F_MOD_002_bid_rejected_when_exceeds_max_legal_bid
[41m[1m FAIL [22m[49m [30m[43m node [49m[39m server/src/__tests__/F-MOD-002_auction.test.ts[2m > [22mF-MOD-002 auction engine[2m > [22mtest_F_MOD_002_relative_bid_rejected_on_stale_auction_version
[41m[1m FAIL [22m[49m [30m[43m node [49m[39m server/src/__tests__/F-MOD-002_auction.test.ts[2m > [22mF-MOD-002 auction engine[2m > [22mtest_F_MOD_002_anti_snipe_extends_rebid_deadline_when_bid_arrives_within_threshold
[41m[1m FAIL [22m[49m [30m[43m node [49m[39m server/src/__tests__/F-MOD-002_auction.test.ts[2m > [22mF-MOD-002 auction engine[2m > [22mtest_F_MOD_002_player_awarded_after_rebid_deadline_expires_with_all_DB_rows
[41m[1m FAIL [22m[49m [30m[43m node [49m[39m server/src/__tests__/F-MOD-002_auction.test.ts[2m > [22mF-MOD-002 auction engine[2m > [22mtest_F_MOD_002_starter_first_roster_assigns_QB_to_QB_slot_not_bench
[41m[1m FAIL [22m[49m [30m[43m node [49m[39m server/src/__tests__/F-MOD-002_auction.test.ts[2m > [22mF-MOD-002 auction engine[2m > [22mtest_F_MOD_002_auth_epoch_revocation_returns_ERROR_on_next_command
[41m[1m FAIL [22m[49m [30m[43m node [49m[39m server/src/__tests__/F-MOD-002_auction.test.ts[2m > [22mF-MOD-002 auction engine[2m > [22mtest_F_MOD_002_draft_events_have_strictly_incrementing_sequence_per_draft
[31m[1mError[22m: UNDEFINED_VALUE: Undefined values are not allowed[39m
[90m [2m❯[22m handleValue node_modules/postgres/src/types.js:[2m83:20[22m[39m
[90m [2m❯[22m stringifyValue node_modules/postgres/src/types.js:[2m113:5[22m[39m
[90m [2m❯[22m stringify node_modules/postgres/src/types.js:[2m100:16[22m[39m
[90m [2m❯[22m build node_modules/postgres/src/connection.js:[2m228:20[22m[39m
[90m [2m❯[22m Object.execute node_modules/postgres/src/connection.js:[2m172:7[22m[39m
[90m [2m❯[22m go node_modules/postgres/src/index.js:[2m345:14[22m[39m
[90m [2m❯[22m Query.handler node_modules/postgres/src/index.js:[2m334:14[22m[39m
[90m [2m❯[22m Query.handle node_modules/postgres/src/query.js:[2m140:65[22m[39m
[90m [2m❯[22m cachedError node_modules/postgres/src/query.js:[2m170:23[22m[39m
[90m [2m❯[22m new Query node_modules/postgres/src/query.js:[2m36:24[22m[39m
[90m [2m❯[22m sql node_modules/postgres/src/index.js:[2m112:11[22m[39m
[36m [2m❯[22m setupDraft server/src/__tests__/F-MOD-002_auction.test.ts:[2m151:53[22m[39m
    [90m149|[39m     team2Id = t2.json<{ id: string }>().id;
    [90m150|[39m
    [90m151|[39m     const [e1] = await sql<[{ auth_epoch: number }]>`SELECT auth_epoch…
    [90m   |[39m                                                     [31m^[39m
    [90m152|[39m     const [e2] = await sql<[{ auth_epoch: number }]>`SELECT auth_epoch…
    [90m153|[39m

[31m[2m⎯⎯⎯⎯⎯⎯⎯⎯⎯⎯⎯⎯⎯⎯⎯⎯⎯⎯⎯⎯⎯[24/205]⎯[22m[39m

[41m[1m FAIL [22m[49m [30m[43m node [49m[39m server/src/__tests__/F-MOD-003_session.test.ts[2m > [22mF-MOD-003 session reconnect and multi-draft isolation[2m > [22mtest_F_MOD_003_reconnect_delivers_state_snapshot
[31m[1mError[22m: UNDEFINED_VALUE: Undefined values are not allowed[39m
[90m [2m❯[22m handleValue node_modules/postgres/src/types.js:[2m83:20[22m[39m
[90m [2m❯[22m stringifyValue node_modules/postgres/src/types.js:[2m113:5[22m[39m
[90m [2m❯[22m stringify node_modules/postgres/src/types.js:[2m100:16[22m[39m
[90m [2m❯[22m build node_modules/postgres/src/connection.js:[2m228:20[22m[39m
[90m [2m❯[22m execute node_modules/postgres/src/connection.js:[2m172:7[22m[39m
[90m [2m❯[22m ReadyForQuery node_modules/postgres/src/connection.js:[2m567:38[22m[39m
[90m [2m❯[22m handle node_modules/postgres/src/connection.js:[2m489:6[22m[39m
[90m [2m❯[22m Socket.data node_modules/postgres/src/connection.js:[2m324:9[22m[39m
[90m [2m❯[22m cachedError node_modules/postgres/src/query.js:[2m170:23[22m[39m
[90m [2m❯[22m new Query node_modules/postgres/src/query.js:[2m36:24[22m[39m
[90m [2m❯[22m sql node_modules/postgres/src/index.js:[2m112:11[22m[39m
[36m [2m❯[22m setupDraft server/src/__tests__/F-MOD-003_session.test.ts:[2m170:53[22m[39m
    [90m168|[39m     const team2Id = t2Res.json<{ id: string }>().id;
    [90m169|[39m
    [90m170|[39m     const [e1] = await sql<[{ auth_epoch: number }]>`SELECT auth_epoch…
    [90m   |[39m                                                     [31m^[39m
    [90m171|[39m     const [e2] = await sql<[{ auth_epoch: number }]>`SELECT auth_epoch…
    [90m172|[39m

[31m[2m⎯⎯⎯⎯⎯⎯⎯⎯⎯⎯⎯⎯⎯⎯⎯⎯⎯⎯⎯⎯⎯[25/205]⎯[22m[39m

[41m[1m FAIL [22m[49m [30m[43m node [49m[39m server/src/__tests__/F-MOD-003_session.test.ts[2m > [22mF-MOD-003 session reconnect and multi-draft isolation[2m > [22mtest_F_MOD_003_only_missed_events_replayed
[41m[1m FAIL [22m[49m [30m[43m node [49m[39m server/src/__tests__/F-MOD-003_session.test.ts[2m > [22mF-MOD-003 session reconnect and multi-draft isolation[2m > [22mtest_F_MOD_003_multi_window_both_tabs_receive_broadcast
[41m[1m FAIL [22m[49m [30m[43m node [49m[39m server/src/__tests__/F-MOD-003_session.test.ts[2m > [22mF-MOD-003 session reconnect and multi-draft isolation[2m > [22mtest_F_MOD_003_broadcast_reaches_all_team_clients
[41m[1m FAIL [22m[49m [30m[43m node [49m[39m server/src/__tests__/F-MOD-003_session.test.ts[2m > [22mF-MOD-003 session reconnect and multi-draft isolation[2m > [22mtest_F_MOD_003_cross_league_auth_rejected
[41m[1m FAIL [22m[49m [30m[43m node [49m[39m server/src/__tests__/F-MOD-003_session.test.ts[2m > [22mF-MOD-003 session reconnect and multi-draft isolation[2m > [22mtest_F_MOD_003_concurrent_drafts_isolation
[41m[1m FAIL [22m[49m [30m[43m node [49m[39m server/src/__tests__/F-MOD-003_session.test.ts[2m > [22mF-MOD-003 session reconnect and multi-draft isolation[2m > [22mtest_F_MOD_003_crash_recovery_paused_snapshot
[41m[1m FAIL [22m[49m [30m[43m node [49m[39m server/src/__tests__/F-MOD-003_session.test.ts[2m > [22mF-MOD-003 session reconnect and multi-draft isolation[2m > [22mtest_F_MOD_003_list_drafts_endpoint
[41m[1m FAIL [22m[49m [30m[43m node [49m[39m server/src/__tests__/F-MOD-003_session.test.ts[2m > [22mF-MOD-003 session reconnect and multi-draft isolation[2m > [22mtest_F_MOD_003_get_draft_state_endpoint
[41m[1m FAIL [22m[49m [30m[43m node [49m[39m server/src/__tests__/F-MOD-003_session.test.ts[2m > [22mF-MOD-003 session reconnect and multi-draft isolation[2m > [22mtest_F_MOD_003_snapshot_includes_active_auction
[31m[1mError[22m: UNDEFINED_VALUE: Undefined values are not allowed[39m
[90m [2m❯[22m handleValue node_modules/postgres/src/types.js:[2m83:20[22m[39m
[90m [2m❯[22m stringifyValue node_modules/postgres/src/types.js:[2m113:5[22m[39m
[90m [2m❯[22m stringify node_modules/postgres/src/types.js:[2m100:16[22m[39m
[90m [2m❯[22m build node_modules/postgres/src/connection.js:[2m228:20[22m[39m
[90m [2m❯[22m Object.execute node_modules/postgres/src/connection.js:[2m172:7[22m[39m
[90m [2m❯[22m go node_modules/postgres/src/index.js:[2m345:14[22m[39m
[90m [2m❯[22m Query.handler node_modules/postgres/src/index.js:[2m334:14[22m[39m
[90m [2m❯[22m Query.handle node_modules/postgres/src/query.js:[2m140:65[22m[39m
[90m [2m❯[22m cachedError node_modules/postgres/src/query.js:[2m170:23[22m[39m
[90m [2m❯[22m new Query node_modules/postgres/src/query.js:[2m36:24[22m[39m
[90m [2m❯[22m sql node_modules/postgres/src/index.js:[2m112:11[22m[39m
[36m [2m❯[22m setupDraft server/src/__tests__/F-MOD-003_session.test.ts:[2m170:53[22m[39m
    [90m168|[39m     const team2Id = t2Res.json<{ id: string }>().id;
    [90m169|[39m
    [90m170|[39m     const [e1] = await sql<[{ auth_epoch: number }]>`SELECT auth_epoch…
    [90m   |[39m                                                     [31m^[39m
    [90m171|[39m     const [e2] = await sql<[{ auth_epoch: number }]>`SELECT auth_epoch…
    [90m172|[39m

[31m[2m⎯⎯⎯⎯⎯⎯⎯⎯⎯⎯⎯⎯⎯⎯⎯⎯⎯⎯⎯⎯⎯[26/205]⎯[22m[39m

[41m[1m FAIL [22m[49m [30m[43m node [49m[39m server/src/__tests__/F-MOD-004_auto_agent.test.ts[2m > [22mF-MOD-004 auto-agent mode[2m > [22mtest_F_MOD_004_grace_timer_no_early_transition_multi_window
[31m[1mError[22m: UNDEFINED_VALUE: Undefined values are not allowed[39m
[90m [2m❯[22m handleValue node_modules/postgres/src/types.js:[2m83:20[22m[39m
[90m [2m❯[22m stringifyValue node_modules/postgres/src/types.js:[2m113:5[22m[39m
[90m [2m❯[22m stringify node_modules/postgres/src/types.js:[2m100:16[22m[39m
[90m [2m❯[22m build node_modules/postgres/src/connection.js:[2m228:20[22m[39m
[90m [2m❯[22m execute node_modules/postgres/src/connection.js:[2m172:7[22m[39m
[90m [2m❯[22m ReadyForQuery node_modules/postgres/src/connection.js:[2m567:38[22m[39m
[90m [2m❯[22m handle node_modules/postgres/src/connection.js:[2m489:6[22m[39m
[90m [2m❯[22m Socket.data node_modules/postgres/src/connection.js:[2m324:9[22m[39m
[90m [2m❯[22m cachedError node_modules/postgres/src/query.js:[2m170:23[22m[39m
[90m [2m❯[22m new Query node_modules/postgres/src/query.js:[2m36:24[22m[39m
[90m [2m❯[22m sql node_modules/postgres/src/index.js:[2m112:11[22m[39m
[36m [2m❯[22m setupDraft server/src/__tests__/F-MOD-004_auto_agent.test.ts:[2m203:53[22m[39m
    [90m201|[39m     const team2Id = t2Res.json<{ id: string }>().id;
    [90m202|[39m
    [90m203|[39m     const [e1] = await sql<[{ auth_epoch: number }]>`SELECT auth_epoch…
    [90m   |[39m                                                     [31m^[39m
    [90m204|[39m     const [e2] = await sql<[{ auth_epoch: number }]>`SELECT auth_epoch…
    [90m205|[39m

[31m[2m⎯⎯⎯⎯⎯⎯⎯⎯⎯⎯⎯⎯⎯⎯⎯⎯⎯⎯⎯⎯⎯[27/205]⎯[22m[39m

[41m[1m FAIL [22m[49m [30m[43m node [49m[39m server/src/__tests__/F-MOD-004_auto_agent.test.ts[2m > [22mF-MOD-004 auto-agent mode[2m > [22mtest_F_MOD_004_grace_timer_cancelled_by_reconnect
[41m[1m FAIL [22m[49m [30m[43m node [49m[39m server/src/__tests__/F-MOD-004_auto_agent.test.ts[2m > [22mF-MOD-004 auto-agent mode[2m > [22mtest_F_MOD_004_grace_timer_fires_auto_agent_transition
[41m[1m FAIL [22m[49m [30m[43m node [49m[39m server/src/__tests__/F-MOD-004_auto_agent.test.ts[2m > [22mF-MOD-004 auto-agent mode[2m > [22mtest_F_MOD_004_no_auto_resume_on_reconnect
[41m[1m FAIL [22m[49m [30m[43m node [49m[39m server/src/__tests__/F-MOD-004_auto_agent.test.ts[2m > [22mF-MOD-004 auto-agent mode[2m > [22mtest_F_MOD_004_agent_bids_on_nomination_started
[41m[1m FAIL [22m[49m [30m[43m node [49m[39m server/src/__tests__/F-MOD-004_auto_agent.test.ts[2m > [22mF-MOD-004 auto-agent mode[2m > [22mtest_F_MOD_004_agent_bids_on_leadership_change
[41m[1m FAIL [22m[49m [30m[43m node [49m[39m server/src/__tests__/F-MOD-004_auto_agent.test.ts[2m > [22mF-MOD-004 auto-agent mode[2m > [22mtest_F_MOD_004_agent_does_not_bid_above_willingness_ceiling
[41m[1m FAIL [22m[49m [30m[43m node [49m[39m server/src/__tests__/F-MOD-004_auto_agent.test.ts[2m > [22mF-MOD-004 auto-agent mode[2m > [22mtest_F_MOD_004_willingness_config_put_endpoint
[41m[1m FAIL [22m[49m [30m[43m node [49m[39m server/src/__tests__/F-MOD-004_auto_agent.test.ts[2m > [22mF-MOD-004 auto-agent mode[2m > [22mtest_F_MOD_004_explicit_auto_agent_patch
[41m[1m FAIL [22m[49m [30m[43m node [49m[39m server/src/__tests__/F-MOD-004_auto_agent.test.ts[2m > [22mF-MOD-004 auto-agent mode[2m > [22mtest_F_MOD_004_resume_manual_patch
[41m[1m FAIL [22m[49m [30m[43m node [49m[39m server/src/__tests__/F-MOD-004_auto_agent.test.ts[2m > [22mF-MOD-004 auto-agent mode[2m > [22mtest_F_MOD_004_draft_event_atomicity
[41m[1m FAIL [22m[49m [30m[43m node [49m[39m server/src/__tests__/F-MOD-004_auto_agent.test.ts[2m > [22mF-MOD-004 auto-agent mode[2m > [22mtest_F_MOD_004_multi_draft_isolation_wrong_league
[41m[1m FAIL [22m[49m [30m[43m node [49m[39m server/src/__tests__/F-MOD-004_auto_agent.test.ts[2m > [22mF-MOD-004 auto-agent mode[2m > [22mtest_F_MOD_004_resume_manual_ws_command
[41m[1m FAIL [22m[49m [30m[43m node [49m[39m server/src/__tests__/F-MOD-004_auto_agent.test.ts[2m > [22mF-MOD-004 auto-agent mode[2m > [22mtest_F_MOD_004_set_auto_agent_config_ws_command
[41m[1m FAIL [22m[49m [30m[43m node [49m[39m server/src/__tests__/F-MOD-004_auto_agent.test.ts[2m > [22mF-MOD-004 auto-agent mode[2m > [22mtest_F_MOD_004_agent_does_not_bid_on_player_awarded
[31m[1mError[22m: UNDEFINED_VALUE: Undefined values are not allowed[39m
[90m [2m❯[22m handleValue node_modules/postgres/src/types.js:[2m83:20[22m[39m
[90m [2m❯[22m stringifyValue node_modules/postgres/src/types.js:[2m113:5[22m[39m
[90m [2m❯[22m stringify node_modules/postgres/src/types.js:[2m100:16[22m[39m
[90m [2m❯[22m build node_modules/postgres/src/connection.js:[2m228:20[22m[39m
[90m [2m❯[22m Object.execute node_modules/postgres/src/connection.js:[2m172:7[22m[39m
[90m [2m❯[22m go node_modules/postgres/src/index.js:[2m345:14[22m[39m
[90m [2m❯[22m Query.handler node_modules/postgres/src/index.js:[2m334:14[22m[39m
[90m [2m❯[22m Query.handle node_modules/postgres/src/query.js:[2m140:65[22m[39m
[90m [2m❯[22m cachedError node_modules/postgres/src/query.js:[2m170:23[22m[39m
[90m [2m❯[22m new Query node_modules/postgres/src/query.js:[2m36:24[22m[39m
[90m [2m❯[22m sql node_modules/postgres/src/index.js:[2m112:11[22m[39m
[36m [2m❯[22m setupDraft server/src/__tests__/F-MOD-004_auto_agent.test.ts:[2m203:53[22m[39m
    [90m201|[39m     const team2Id = t2Res.json<{ id: string }>().id;
    [90m202|[39m
    [90m203|[39m     const [e1] = await sql<[{ auth_epoch: number }]>`SELECT auth_epoch…
    [90m   |[39m                                                     [31m^[39m
    [90m204|[39m     const [e2] = await sql<[{ auth_epoch: number }]>`SELECT auth_epoch…
    [90m205|[39m

[31m[2m⎯⎯⎯⎯⎯⎯⎯⎯⎯⎯⎯⎯⎯⎯⎯⎯⎯⎯⎯⎯⎯[28/205]⎯[22m[39m

[41m[1m FAIL [22m[49m [30m[43m node [49m[39m server/src/__tests__/F-MOD-005_corrections.test.ts[2m > [22mF-MOD-005 corrections and rollback[2m > [22mtest_F_MOD_005_price_correction_valid_updates_price_ledger_budget_and_appends_event
[31m[1mError[22m: UNDEFINED_VALUE: Undefined values are not allowed[39m
[90m [2m❯[22m handleValue node_modules/postgres/src/types.js:[2m83:20[22m[39m
[90m [2m❯[22m stringifyValue node_modules/postgres/src/types.js:[2m113:5[22m[39m
[90m [2m❯[22m stringify node_modules/postgres/src/types.js:[2m100:16[22m[39m
[90m [2m❯[22m build node_modules/postgres/src/connection.js:[2m228:20[22m[39m
[90m [2m❯[22m execute node_modules/postgres/src/connection.js:[2m172:7[22m[39m
[90m [2m❯[22m ReadyForQuery node_modules/postgres/src/connection.js:[2m567:38[22m[39m
[90m [2m❯[22m handle node_modules/postgres/src/connection.js:[2m489:6[22m[39m
[90m [2m❯[22m Socket.data node_modules/postgres/src/connection.js:[2m324:9[22m[39m
[90m [2m❯[22m cachedError node_modules/postgres/src/query.js:[2m170:23[22m[39m
[90m [2m❯[22m new Query node_modules/postgres/src/query.js:[2m36:24[22m[39m
[90m [2m❯[22m sql node_modules/postgres/src/index.js:[2m112:11[22m[39m
[36m [2m❯[22m setupDraft server/src/__tests__/F-MOD-005_corrections.test.ts:[2m127:56[22m[39m
    [90m125|[39m     });
    [90m126|[39m     team1Id = t1Res.json<{ id: string }>().id;
    [90m127|[39m     const [t1Row] = await sql<[{ auth_epoch: number }]>`SELECT auth_ep…
    [90m   |[39m                                                        [31m^[39m
    [90m128|[39m     team1Token = ***REDACTED*** league_id: leagueId, team_id: team1Id, ro…
    [90m129|[39m

[31m[2m⎯⎯⎯⎯⎯⎯⎯⎯⎯⎯⎯⎯⎯⎯⎯⎯⎯⎯⎯⎯⎯[29/205]⎯[22m[39m

[41m[1m FAIL [22m[49m [30m[43m node [49m[39m server/src/__tests__/F-MOD-005_corrections.test.ts[2m > [22mF-MOD-005 corrections and rollback[2m > [22mtest_F_MOD_005_price_correction_rejected_when_would_make_later_pick_illegal
[41m[1m FAIL [22m[49m [30m[43m node [49m[39m server/src/__tests__/F-MOD-005_corrections.test.ts[2m > [22mF-MOD-005 corrections and rollback[2m > [22mtest_F_MOD_005_price_correction_non_commissioner_returns_403
[41m[1m FAIL [22m[49m [30m[43m node [49m[39m server/src/__tests__/F-MOD-005_corrections.test.ts[2m > [22mF-MOD-005 corrections and rollback[2m > [22mtest_F_MOD_005_price_correction_increasing_price_within_budget_is_valid
[41m[1m FAIL [22m[49m [30m[43m node [49m[39m server/src/__tests__/F-MOD-005_corrections.test.ts[2m > [22mF-MOD-005 corrections and rollback[2m > [22mtest_F_MOD_005_rollback_when_paused_reverses_last_n_picks_in_order
[41m[1m FAIL [22m[49m [30m[43m node [49m[39m server/src/__tests__/F-MOD-005_corrections.test.ts[2m > [22mF-MOD-005 corrections and rollback[2m > [22mtest_F_MOD_005_rollback_returns_409_when_draft_not_paused
[41m[1m FAIL [22m[49m [30m[43m node [49m[39m server/src/__tests__/F-MOD-005_corrections.test.ts[2m > [22mF-MOD-005 corrections and rollback[2m > [22mtest_F_MOD_005_rollback_partial_when_fewer_picks_available_than_count
[41m[1m FAIL [22m[49m [30m[43m node [49m[39m server/src/__tests__/F-MOD-005_corrections.test.ts[2m > [22mF-MOD-005 corrections and rollback[2m > [22mtest_F_MOD_005_rollback_non_commissioner_returns_403
[41m[1m FAIL [22m[49m [30m[43m node [49m[39m server/src/__tests__/F-MOD-005_corrections.test.ts[2m > [22mF-MOD-005 corrections and rollback[2m > [22mtest_F_MOD_005_rollback_multiple_picks_reversed_in_reverse_order
[41m[1m FAIL [22m[49m [30m[43m node [49m[39m server/src/__tests__/F-MOD-005_corrections.test.ts[2m > [22mF-MOD-005 corrections and rollback[2m > [22mtest_F_MOD_005_rollback_no_picks_available_returns_409
[41m[1m FAIL [22m[49m [30m[43m node [49m[39m server/src/__tests__/F-MOD-005_corrections.test.ts[2m > [22mF-MOD-005 corrections and rollback[2m > [22mtest_F_MOD_005_price_correction_ws_broadcast_sent_to_subscribers
[41m[1m FAIL [22m[49m [30m[43m node [49m[39m server/src/__tests__/F-MOD-005_corrections.test.ts[2m > [22mF-MOD-005 corrections and rollback[2m > [22mtest_F_MOD_005_rollback_ws_broadcast_sent_to_subscribers
[31m[1mError[22m: UNDEFINED_VALUE: Undefined values are not allowed[39m
[90m [2m❯[22m handleValue node_modules/postgres/src/types.js:[2m83:20[22m[39m
[90m [2m❯[22m stringifyValue node_modules/postgres/src/types.js:[2m113:5[22m[39m
[90m [2m❯[22m stringify node_modules/postgres/src/types.js:[2m100:16[22m[39m
[90m [2m❯[22m build node_modules/postgres/src/connection.js:[2m228:20[22m[39m
[90m [2m❯[22m Object.execute node_modules/postgres/src/connection.js:[2m172:7[22m[39m
[90m [2m❯[22m go node_modules/postgres/src/index.js:[2m345:14[22m[39m
[90m [2m❯[22m Query.handler node_modules/postgres/src/index.js:[2m334:14[22m[39m
[90m [2m❯[22m Query.handle node_modules/postgres/src/query.js:[2m140:65[22m[39m
[90m [2m❯[22m cachedError node_modules/postgres/src/query.js:[2m170:23[22m[39m
[90m [2m❯[22m new Query node_modules/postgres/src/query.js:[2m36:24[22m[39m
[90m [2m❯[22m sql node_modules/postgres/src/index.js:[2m112:11[22m[39m
[36m [2m❯[22m setupDraft server/src/__tests__/F-MOD-005_corrections.test.ts:[2m127:56[22m[39m
    [90m125|[39m     });
    [90m126|[39m     team1Id = t1Res.json<{ id: string }>().id;
    [90m127|[39m     const [t1Row] = await sql<[{ auth_epoch: number }]>`SELECT auth_ep…
    [90m   |[39m                                                        [31m^[39m
    [90m128|[39m     team1Token = ***REDACTED*** league_id: leagueId, team_id: team1Id, ro…
    [90m129|[39m

[31m[2m⎯⎯⎯⎯⎯⎯⎯⎯⎯⎯⎯⎯⎯⎯⎯⎯⎯⎯⎯⎯⎯[30/205]⎯[22m[39m

[41m[1m FAIL [22m[49m [30m[43m node [49m[39m server/src/__tests__/F-MOD-006_reports.test.ts[2m > [22mF-MOD-006 draft completion and reports[2m > [22mF_MOD_006_draft_auto_completes_when_all_player_auctions_awarded
[31m[1mError[22m: UNDEFINED_VALUE: Undefined values are not allowed[39m
[90m [2m❯[22m handleValue node_modules/postgres/src/types.js:[2m83:20[22m[39m
[90m [2m❯[22m stringifyValue node_modules/postgres/src/types.js:[2m113:5[22m[39m
[90m [2m❯[22m stringify node_modules/postgres/src/types.js:[2m100:16[22m[39m
[90m [2m❯[22m build node_modules/postgres/src/connection.js:[2m228:20[22m[39m
[90m [2m❯[22m execute node_modules/postgres/src/connection.js:[2m172:7[22m[39m
[90m [2m❯[22m ReadyForQuery node_modules/postgres/src/connection.js:[2m567:38[22m[39m
[90m [2m❯[22m handle node_modules/postgres/src/connection.js:[2m489:6[22m[39m
[90m [2m❯[22m Socket.data node_modules/postgres/src/connection.js:[2m324:9[22m[39m
[90m [2m❯[22m cachedError node_modules/postgres/src/query.js:[2m170:23[22m[39m
[90m [2m❯[22m new Query node_modules/postgres/src/query.js:[2m36:24[22m[39m
[90m [2m❯[22m sql node_modules/postgres/src/index.js:[2m112:11[22m[39m
[36m [2m❯[22m setupLeagueAndDraft server/src/__tests__/F-MOD-006_reports.test.ts:[2m154:53[22m[39m
    [90m152|[39m
    [90m153|[39m     // Get auth epochs
    [90m154|[39m     const [e1] = await sql<[{ auth_epoch: number }]>`SELECT auth_epoch…
    [90m   |[39m                                                     [31m^[39m
    [90m155|[39m     const [e2] = await sql<[{ auth_epoch: number }]>`SELECT auth_epoch…
    [90m156|[39m     team1Token = ***REDACTED*** league_id: leagueId, team_id: team1Id, ro…

[31m[2m⎯⎯⎯⎯⎯⎯⎯⎯⎯⎯⎯⎯⎯⎯⎯⎯⎯⎯⎯⎯⎯[31/205]⎯[22m[39m

[41m[1m FAIL [22m[49m [30m[43m node [49m[39m server/src/__tests__/F-MOD-006_reports.test.ts[2m > [22mF-MOD-006 draft completion and reports[2m > [22mF_MOD_006_report_returns_draft_summary_for_complete_draft
[41m[1m FAIL [22m[49m [30m[43m node [49m[39m server/src/__tests__/F-MOD-006_reports.test.ts[2m > [22mF-MOD-006 draft completion and reports[2m > [22mF_MOD_006_report_requires_authentication
[41m[1m FAIL [22m[49m [30m[43m node [49m[39m server/src/__tests__/F-MOD-006_reports.test.ts[2m > [22mF-MOD-006 draft completion and reports[2m > [22mF_MOD_006_report_returns_409_for_non_complete_draft
[41m[1m FAIL [22m[49m [30m[43m node [49m[39m server/src/__tests__/F-MOD-006_reports.test.ts[2m > [22mF-MOD-006 draft completion and reports[2m > [22mF_MOD_006_espn_worksheet_returns_csv_with_content_disposition
[41m[1m FAIL [22m[49m [30m[43m node [49m[39m server/src/__tests__/F-MOD-006_reports.test.ts[2m > [22mF-MOD-006 draft completion and reports[2m > [22mF_MOD_006_espn_worksheet_requires_authentication
[41m[1m FAIL [22m[49m [30m[43m node [49m[39m server/src/__tests__/F-MOD-006_reports.test.ts[2m > [22mF-MOD-006 draft completion and reports[2m > [22mF_MOD_006_email_stub_returns_202_with_recipients_count
[41m[1m FAIL [22m[49m [30m[43m node [49m[39m server/src/__tests__/F-MOD-006_reports.test.ts[2m > [22mF-MOD-006 draft completion and reports[2m > [22mF_MOD_006_email_requires_commissioner_role
[41m[1m FAIL [22m[49m [30m[43m node [49m[39m server/src/__tests__/F-MOD-006_reports.test.ts[2m > [22mF-MOD-006 draft completion and reports[2m > [22mF_MOD_006_report_regenerable_from_live_rows
[41m[1m FAIL [22m[49m [30m[43m node [49m[39m server/src/__tests__/F-MOD-006_reports.test.ts[2m > [22mF-MOD-006 draft completion and reports[2m > [22mF_MOD_006_nominator_match_valid_use_sets_leader_and_records_bid
[41m[1m FAIL [22m[49m [30m[43m node [49m[39m server/src/__tests__/F-MOD-006_reports.test.ts[2m > [22mF-MOD-006 draft completion and reports[2m > [22mF_MOD_006_nominator_match_second_attempt_rejected
[41m[1m FAIL [22m[49m [30m[43m node [49m[39m server/src/__tests__/F-MOD-006_reports.test.ts[2m > [22mF-MOD-006 draft completion and reports[2m > [22mF_MOD_006_nominator_match_rejected_when_requesting_team_already_leads
[31m[1mError[22m: UNDEFINED_VALUE: Undefined values are not allowed[39m
[90m [2m❯[22m handleValue node_modules/postgres/src/types.js:[2m83:20[22m[39m
[90m [2m❯[22m stringifyValue node_modules/postgres/src/types.js:[2m113:5[22m[39m
[90m [2m❯[22m stringify node_modules/postgres/src/types.js:[2m100:16[22m[39m
[90m [2m❯[22m build node_modules/postgres/src/connection.js:[2m228:20[22m[39m
[90m [2m❯[22m Object.execute node_modules/postgres/src/connection.js:[2m172:7[22m[39m
[90m [2m❯[22m go node_modules/postgres/src/index.js:[2m345:14[22m[39m
[90m [2m❯[22m Query.handler node_modules/postgres/src/index.js:[2m334:14[22m[39m
[90m [2m❯[22m Query.handle node_modules/postgres/src/query.js:[2m140:65[22m[39m
[90m [2m❯[22m cachedError node_modules/postgres/src/query.js:[2m170:23[22m[39m
[90m [2m❯[22m new Query node_modules/postgres/src/query.js:[2m36:24[22m[39m
[90m [2m❯[22m sql node_modules/postgres/src/index.js:[2m112:11[22m[39m
[36m [2m❯[22m setupLeagueAndDraft server/src/__tests__/F-MOD-006_reports.test.ts:[2m154:53[22m[39m
    [90m152|[39m
    [90m153|[39m     // Get auth epochs
    [90m154|[39m     const [e1] = await sql<[{ auth_epoch: number }]>`SELECT auth_epoch…
    [90m   |[39m                                                     [31m^[39m
    [90m155|[39m     const [e2] = await sql<[{ auth_epoch: number }]>`SELECT auth_epoch…
    [90m156|[39m     team1Token = ***REDACTED*** league_id: leagueId, team_id: team1Id, ro…

[31m[2m⎯⎯⎯⎯⎯⎯⎯⎯⎯⎯⎯⎯⎯⎯⎯⎯⎯⎯⎯⎯⎯[32/205]⎯[22m[39m

[41m[1m FAIL [22m[49m [30m[43m node [49m[39m server/src/__tests__/F-MOD-007_data_adapters.test.ts[2m > [22mF-MOD-007 data adapter routes[2m > [22mtest_F_MOD_007_excel_import_returns_import_result_with_source_EXCEL
[31m[1mAssertionError[22m: expected 403 to be 200 // Object.is equality[39m

[32m- Expected[39m
[31m+ Received[39m

[32m- 200[39m
[31m+ 403[39m

[36m [2m❯[22m server/src/__tests__/F-MOD-007_data_adapters.test.ts:[2m283:28[22m[39m
    [90m281|[39m     });
    [90m282|[39m
    [90m283|[39m     expect(res.statusCode).toBe(200);
    [90m   |[39m                            [31m^[39m
    [90m284|[39m     const result = res.json<{ rows_imported: number; source: string; e…
    [90m285|[39m     expect(result.source).toBe('EXCEL');

[31m[2m⎯⎯⎯⎯⎯⎯⎯⎯⎯⎯⎯⎯⎯⎯⎯⎯⎯⎯⎯⎯⎯[33/205]⎯[22m[39m

[41m[1m FAIL [22m[49m [30m[43m node [49m[39m server/src/__tests__/F-MOD-007_data_adapters.test.ts[2m > [22mF-MOD-007 data adapter routes[2m > [22mtest_F_MOD_007_excel_import_partial_errors_still_returns_200
[31m[1mAssertionError[22m: expected 403 to be 200 // Object.is equality[39m

[32m- Expected[39m
[31m+ Received[39m

[32m- 200[39m
[31m+ 403[39m

[36m [2m❯[22m server/src/__tests__/F-MOD-007_data_adapters.test.ts:[2m313:28[22m[39m
    [90m311|[39m
    [90m312|[39m     // Partial errors → still 200, not 500
    [90m313|[39m     expect(res.statusCode).toBe(200);
    [90m   |[39m                            [31m^[39m
    [90m314|[39m     const result = res.json<{ rows_imported: number; source: string; e…
    [90m315|[39m     expect(result.source).toBe('EXCEL');

[31m[2m⎯⎯⎯⎯⎯⎯⎯⎯⎯⎯⎯⎯⎯⎯⎯⎯⎯⎯⎯⎯⎯[34/205]⎯[22m[39m

[41m[1m FAIL [22m[49m [30m[43m node [49m[39m server/src/__tests__/F-MOD-007_data_adapters.test.ts[2m > [22mF-MOD-007 data adapter routes[2m > [22mtest_F_MOD_007_excel_import_no_file_returns_400
[31m[1mAssertionError[22m: expected 403 to be 400 // Object.is equality[39m

[32m- Expected[39m
[31m+ Received[39m

[32m- 400[39m
[31m+ 403[39m

[36m [2m❯[22m server/src/__tests__/F-MOD-007_data_adapters.test.ts:[2m331:28[22m[39m
    [90m329|[39m     });
    [90m330|[39m
    [90m331|[39m     expect(res.statusCode).toBe(400);
    [90m   |[39m                            [31m^[39m
    [90m332|[39m   });
    [90m333|[39m

[31m[2m⎯⎯⎯⎯⎯⎯⎯⎯⎯⎯⎯⎯⎯⎯⎯⎯⎯⎯⎯⎯⎯[35/205]⎯[22m[39m

[41m[1m FAIL [22m[49m [30m[43m node [49m[39m server/src/__tests__/F-MOD-007_data_adapters.test.ts[2m > [22mF-MOD-007 data adapter routes[2m > [22mtest_F_MOD_007_espn_pdf_invalid_bytes_returns_200_with_errors_source_ESPN_PDF
[31m[1mAssertionError[22m: expected 403 to be 200 // Object.is equality[39m

[32m- Expected[39m
[31m+ Received[39m

[32m- 200[39m
[31m+ 403[39m

[36m [2m❯[22m server/src/__tests__/F-MOD-007_data_adapters.test.ts:[2m352:28[22m[39m
    [90m350|[39m
    [90m351|[39m     // Defensive parsing — invalid PDF → 200 with errors, NOT 500
    [90m352|[39m     expect(res.statusCode).toBe(200);
    [90m   |[39m                            [31m^[39m
    [90m353|[39m     const result = res.json<{ rows_imported: number; source: string; e…
    [90m354|[39m     expect(result.source).toBe('ESPN_PDF');

[31m[2m⎯⎯⎯⎯⎯⎯⎯⎯⎯⎯⎯⎯⎯⎯⎯⎯⎯⎯⎯⎯⎯[36/205]⎯[22m[39m

[41m[1m FAIL [22m[49m [30m[43m node [49m[39m server/src/__tests__/F-MOD-007_data_adapters.test.ts[2m > [22mF-MOD-007 data adapter routes[2m > [22mtest_F_MOD_007_espn_pdf_no_file_returns_400
[31m[1mAssertionError[22m: expected 403 to be 400 // Object.is equality[39m

[32m- Expected[39m
[31m+ Received[39m

[32m- 400[39m
[31m+ 403[39m

[36m [2m❯[22m server/src/__tests__/F-MOD-007_data_adapters.test.ts:[2m371:28[22m[39m
    [90m369|[39m     });
    [90m370|[39m
    [90m371|[39m     expect(res.statusCode).toBe(400);
    [90m   |[39m                            [31m^[39m
    [90m372|[39m   });
    [90m373|[39m

[31m[2m⎯⎯⎯⎯⎯⎯⎯⎯⎯⎯⎯⎯⎯⎯⎯⎯⎯⎯⎯⎯⎯[37/205]⎯[22m[39m

[41m[1m FAIL [22m[49m [30m[43m node [49m[39m server/src/__tests__/F-MOD-007_data_adapters.test.ts[2m > [22mF-MOD-007 data adapter routes[2m > [22mtest_F_MOD_007_fantasypros_non_2xx_returns_typed_error_response
[31m[1mAssertionError[22m: expected 403 to be 502 // Object.is equality[39m

[32m- Expected[39m
[31m+ Received[39m

[32m- 502[39m
[31m+ 403[39m

[36m [2m❯[22m server/src/__tests__/F-MOD-007_data_adapters.test.ts:[2m398:30[22m[39m
    [90m396|[39m
    [90m397|[39m       // Non-2xx from FantasyPros → typed ErrorResponse, no silent fal…
    [90m398|[39m       expect(res.statusCode).toBe(502);
    [90m   |[39m                              [31m^[39m
    [90m399|[39m       const body = res.json<{ code: string; message: string }>();
    [90m400|[39m       expect(body.code).toBe('FANTASYPROS_ERROR');

[31m[2m⎯⎯⎯⎯⎯⎯⎯⎯⎯⎯⎯⎯⎯⎯⎯⎯⎯⎯⎯⎯⎯[38/205]⎯[22m[39m

[41m[1m FAIL [22m[49m [30m[43m node [49m[39m server/src/__tests__/F-MOD-007_data_adapters.test.ts[2m > [22mF-MOD-007 data adapter routes[2m > [22mtest_F_MOD_007_fantasypros_valid_response_returns_rows_imported_with_source_FANTASYPROS
[31m[1mAssertionError[22m: expected 403 to be 200 // Object.is equality[39m

[32m- Expected[39m
[31m+ Received[39m

[32m- 200[39m
[31m+ 403[39m

[36m [2m❯[22m server/src/__tests__/F-MOD-007_data_adapters.test.ts:[2m441:30[22m[39m
    [90m439|[39m       });
    [90m440|[39m
    [90m441|[39m       expect(res.statusCode).toBe(200);
    [90m   |[39m                              [31m^[39m
    [90m442|[39m       const result = res.json<{ rows_imported: number; source: string;…
    [90m443|[39m       expect(result.source).toBe('FANTASYPROS');

[31m[2m⎯⎯⎯⎯⎯⎯⎯⎯⎯⎯⎯⎯⎯⎯⎯⎯⎯⎯⎯⎯⎯[39/205]⎯[22m[39m

[41m[1m FAIL [22m[49m [30m[43m node [49m[39m server/src/__tests__/F-MOD-007_data_adapters.test.ts[2m > [22mF-MOD-007 data adapter routes[2m > [22mtest_F_MOD_007_fantasypros_invalid_scoring_format_returns_400
[31m[1mAssertionError[22m: expected 403 to be 400 // Object.is equality[39m

[32m- Expected[39m
[31m+ Received[39m

[32m- 400[39m
[31m+ 403[39m

[36m [2m❯[22m server/src/__tests__/F-MOD-007_data_adapters.test.ts:[2m464:28[22m[39m
    [90m462|[39m     });
    [90m463|[39m
    [90m464|[39m     expect(res.statusCode).toBe(400);
    [90m   |[39m                            [31m^[39m
    [90m465|[39m     const body = res.json<{ code: string }>();
    [90m466|[39m     expect(body.code).toBe('VALIDATION_ERROR');

[31m[2m⎯⎯⎯⎯⎯⎯⎯⎯⎯⎯⎯⎯⎯⎯⎯⎯⎯⎯⎯⎯⎯[40/205]⎯[22m[39m

[41m[1m FAIL [22m[49m [30m[43m node [49m[39m server/src/__tests__/F-MOD-007_data_adapters.test.ts[2m > [22mF-MOD-007 data adapter routes[2m > [22mtest_F_MOD_007_excel_import_worker_does_not_block_main_event_loop
[31m[1mAssertionError[22m: expected 403 to be 200 // Object.is equality[39m

[32m- Expected[39m
[31m+ Received[39m

[32m- 200[39m
[31m+ 403[39m

[36m [2m❯[22m server/src/__tests__/F-MOD-007_data_adapters.test.ts:[2m502:34[22m[39m
    [90m500|[39m     const healthMs = Date.now() - importStart;
    [90m501|[39m
    [90m502|[39m     expect(importRes.statusCode).toBe(200);
    [90m   |[39m                                  [31m^[39m
    [90m503|[39m     expect(healthRes.statusCode).toBe(200);
    [90m504|[39m     // Health endpoint should respond quickly — under 5 seconds even w…

[31m[2m⎯⎯⎯⎯⎯⎯⎯⎯⎯⎯⎯⎯⎯⎯⎯⎯⎯⎯⎯⎯⎯[41/205]⎯[22m[39m

[41m[1m FAIL [22m[49m [30m[43m node [49m[39m server/src/__tests__/F-MOD-008_owner_strategy.test.ts[2m > [22mF-MOD-008 owner strategy[2m > [22mtest_F_MOD_008_put_target_values_upserts_and_get_returns_own_team_data
[31m[1mError[22m: UNDEFINED_VALUE: Undefined values are not allowed[39m
[90m [2m❯[22m handleValue node_modules/postgres/src/types.js:[2m83:20[22m[39m
[90m [2m❯[22m stringifyValue node_modules/postgres/src/types.js:[2m113:5[22m[39m
[90m [2m❯[22m stringify node_modules/postgres/src/types.js:[2m100:16[22m[39m
[90m [2m❯[22m build node_modules/postgres/src/connection.js:[2m228:20[22m[39m
[90m [2m❯[22m execute node_modules/postgres/src/connection.js:[2m172:7[22m[39m
[90m [2m❯[22m ReadyForQuery node_modules/postgres/src/connection.js:[2m567:38[22m[39m
[90m [2m❯[22m handle node_modules/postgres/src/connection.js:[2m489:6[22m[39m
[90m [2m❯[22m Socket.data node_modules/postgres/src/connection.js:[2m324:9[22m[39m
[90m [2m❯[22m cachedError node_modules/postgres/src/query.js:[2m170:23[22m[39m
[90m [2m❯[22m new Query node_modules/postgres/src/query.js:[2m36:24[22m[39m
[90m [2m❯[22m sql node_modules/postgres/src/index.js:[2m112:11[22m[39m
[36m [2m❯[22m setupDraft server/src/__tests__/F-MOD-008_owner_strategy.test.ts:[2m109:53[22m[39m
    [90m107|[39m     team2Id = t2.json<{ id: string }>().id;
    [90m108|[39m
    [90m109|[39m     const [e1] = await sql<[{ auth_epoch: number }]>`SELECT auth_epoch…
    [90m   |[39m                                                     [31m^[39m
    [90m110|[39m     const [e2] = await sql<[{ auth_epoch: number }]>`SELECT auth_epoch…
    [90m111|[39m

[31m[2m⎯⎯⎯⎯⎯⎯⎯⎯⎯⎯⎯⎯⎯⎯⎯⎯⎯⎯⎯⎯⎯[42/205]⎯[22m[39m

[41m[1m FAIL [22m[49m [30m[43m node [49m[39m server/src/__tests__/F-MOD-008_owner_strategy.test.ts[2m > [22mF-MOD-008 owner strategy[2m > [22mtest_F_MOD_008_put_target_values_overwrites_existing_value
[41m[1m FAIL [22m[49m [30m[43m node [49m[39m server/src/__tests__/F-MOD-008_owner_strategy.test.ts[2m > [22mF-MOD-008 owner strategy[2m > [22mtest_F_MOD_008_target_values_403_when_token_team_does_not_match_url_team
[41m[1m FAIL [22m[49m [30m[43m node [49m[39m server/src/__tests__/F-MOD-008_owner_strategy.test.ts[2m > [22mF-MOD-008 owner strategy[2m > [22mtest_F_MOD_008_target_values_not_visible_to_other_team
[41m[1m FAIL [22m[49m [30m[43m node [49m[39m server/src/__tests__/F-MOD-008_owner_strategy.test.ts[2m > [22mF-MOD-008 owner strategy[2m > [22mtest_F_MOD_008_get_target_values_returns_empty_array_when_none_set
[41m[1m FAIL [22m[49m [30m[43m node [49m[39m server/src/__tests__/F-MOD-008_owner_strategy.test.ts[2m > [22mF-MOD-008 owner strategy[2m > [22mtest_F_MOD_008_post_watchlist_creates_item_and_returns_201
[41m[1m FAIL [22m[49m [30m[43m node [49m[39m server/src/__tests__/F-MOD-008_owner_strategy.test.ts[2m > [22mF-MOD-008 owner strategy[2m > [22mtest_F_MOD_008_get_watchlist_returns_player_name_and_position
[41m[1m FAIL [22m[49m [30m[43m node [49m[39m server/src/__tests__/F-MOD-008_owner_strategy.test.ts[2m > [22mF-MOD-008 owner strategy[2m > [22mtest_F_MOD_008_delete_watchlist_removes_item_and_returns_204
[41m[1m FAIL [22m[49m [30m[43m node [49m[39m server/src/__tests__/F-MOD-008_owner_strategy.test.ts[2m > [22mF-MOD-008 owner strategy[2m > [22mtest_F_MOD_008_delete_watchlist_nonexistent_returns_204
[41m[1m FAIL [22m[49m [30m[43m node [49m[39m server/src/__tests__/F-MOD-008_owner_strategy.test.ts[2m > [22mF-MOD-008 owner strategy[2m > [22mtest_F_MOD_008_watchlist_is_isolated_per_team
[41m[1m FAIL [22m[49m [30m[43m node [49m[39m server/src/__tests__/F-MOD-008_owner_strategy.test.ts[2m > [22mF-MOD-008 owner strategy[2m > [22mtest_F_MOD_008_watchlist_403_for_cross_team_access
[41m[1m FAIL [22m[49m [30m[43m node [49m[39m server/src/__tests__/F-MOD-008_owner_strategy.test.ts[2m > [22mF-MOD-008 owner strategy[2m > [22mtest_F_MOD_008_watchlist_never_auto_nominates
[41m[1m FAIL [22m[49m [30m[43m node [49m[39m server/src/__tests__/F-MOD-008_owner_strategy.test.ts[2m > [22mF-MOD-008 owner strategy[2m > [22mtest_F_MOD_008_post_nomination_queue_adds_player
[41m[1m FAIL [22m[49m [30m[43m node [49m[39m server/src/__tests__/F-MOD-008_owner_strategy.test.ts[2m > [22mF-MOD-008 owner strategy[2m > [22mtest_F_MOD_008_get_nomination_queue_returns_items_ordered_by_queue_position
[41m[1m FAIL [22m[49m [30m[43m node [49m[39m server/src/__tests__/F-MOD-008_owner_strategy.test.ts[2m > [22mF-MOD-008 owner strategy[2m > [22mtest_F_MOD_008_put_nomination_queue_reorder_updates_queue_positions
[41m[1m FAIL [22m[49m [30m[43m node [49m[39m server/src/__tests__/F-MOD-008_owner_strategy.test.ts[2m > [22mF-MOD-008 owner strategy[2m > [22mtest_F_MOD_008_nomination_queue_403_for_cross_team_access
[41m[1m FAIL [22m[49m [30m[43m node [49m[39m server/src/__tests__/F-MOD-008_owner_strategy.test.ts[2m > [22mF-MOD-008 owner strategy[2m > [22mtest_F_MOD_008_delete_nomination_queue_player_removes_item
[41m[1m FAIL [22m[49m [30m[43m node [49m[39m server/src/__tests__/F-MOD-008_owner_strategy.test.ts[2m > [22mF-MOD-008 owner strategy[2m > [22mtest_F_MOD_008_getTopNominationQueueEntry_returns_null_when_queue_empty
[41m[1m FAIL [22m[49m [30m[43m node [49m[39m server/src/__tests__/F-MOD-008_owner_strategy.test.ts[2m > [22mF-MOD-008 owner strategy[2m > [22mtest_F_MOD_008_getTopNominationQueueEntry_returns_position_0_player
[41m[1m FAIL [22m[49m [30m[43m node [49m[39m server/src/__tests__/F-MOD-008_owner_strategy.test.ts[2m > [22mF-MOD-008 owner strategy[2m > [22mtest_F_MOD_008_getTopNominationQueueEntry_returns_reordered_position_0
[41m[1m FAIL [22m[49m [30m[43m node [49m[39m server/src/__tests__/F-MOD-008_owner_strategy.test.ts[2m > [22mF-MOD-008 owner strategy[2m > [22mtest_F_MOD_008_unauthorized_when_no_token_provided
[41m[1m FAIL [22m[49m [30m[43m node [49m[39m server/src/__tests__/F-MOD-008_owner_strategy.test.ts[2m > [22mF-MOD-008 owner strategy[2m > [22mtest_F_MOD_008_get_watchlist_returns_empty_list_not_error_when_none_added
[41m[1m FAIL [22m[49m [30m[43m node [49m[39m server/src/__tests__/F-MOD-008_owner_strategy.test.ts[2m > [22mF-MOD-008 owner strategy[2m > [22mtest_F_MOD_008_get_nomination_queue_returns_empty_list_not_error_when_none_added
[31m[1mError[22m: UNDEFINED_VALUE: Undefined values are not allowed[39m
[90m [2m❯[22m handleValue node_modules/postgres/src/types.js:[2m83:20[22m[39m
[90m [2m❯[22m stringifyValue node_modules/postgres/src/types.js:[2m113:5[22m[39m
[90m [2m❯[22m stringify node_modules/postgres/src/types.js:[2m100:16[22m[39m
[90m [2m❯[22m build node_modules/postgres/src/connection.js:[2m228:20[22m[39m
[90m [2m❯[22m Object.execute node_modules/postgres/src/connection.js:[2m172:7[22m[39m
[90m [2m❯[22m go node_modules/postgres/src/index.js:[2m345:14[22m[39m
[90m [2m❯[22m Query.handler node_modules/postgres/src/index.js:[2m334:14[22m[39m
[90m [2m❯[22m Query.handle node_modules/postgres/src/query.js:[2m140:65[22m[39m
[90m [2m❯[22m cachedError node_modules/postgres/src/query.js:[2m170:23[22m[39m
[90m [2m❯[22m new Query node_modules/postgres/src/query.js:[2m36:24[22m[39m
[90m [2m❯[22m sql node_modules/postgres/src/index.js:[2m112:11[22m[39m
[36m [2m❯[22m setupDraft server/src/__tests__/F-MOD-008_owner_strategy.test.ts:[2m109:53[22m[39m
    [90m107|[39m     team2Id = t2.json<{ id: string }>().id;
    [90m108|[39m
    [90m109|[39m     const [e1] = await sql<[{ auth_epoch: number }]>`SELECT auth_epoch…
    [90m   |[39m                                                     [31m^[39m
    [90m110|[39m     const [e2] = await sql<[{ auth_epoch: number }]>`SELECT auth_epoch…
    [90m111|[39m

[31m[2m⎯⎯⎯⎯⎯⎯⎯⎯⎯⎯⎯⎯⎯⎯⎯⎯⎯⎯⎯⎯⎯[43/205]⎯[22m[39m

[41m[1m FAIL [22m[49m [30m[43m node [49m[39m server/src/__tests__/F-MOD-009_whammy.test.ts[2m > [22mF-MOD-009 whammy events[2m > [22mtest_F_MOD_009_disabled_config_rejects_whammy_with_no_state_written
[31m[1mError[22m: UNDEFINED_VALUE: Undefined values are not allowed[39m
[90m [2m❯[22m handleValue node_modules/postgres/src/types.js:[2m83:20[22m[39m
[90m [2m❯[22m stringifyValue node_modules/postgres/src/types.js:[2m113:5[22m[39m
[90m [2m❯[22m stringify node_modules/postgres/src/types.js:[2m100:16[22m[39m
[90m [2m❯[22m build node_modules/postgres/src/connection.js:[2m228:20[22m[39m
[90m [2m❯[22m execute node_modules/postgres/src/connection.js:[2m172:7[22m[39m
[90m [2m❯[22m ReadyForQuery node_modules/postgres/src/connection.js:[2m567:38[22m[39m
[90m [2m❯[22m handle node_modules/postgres/src/connection.js:[2m489:6[22m[39m
[90m [2m❯[22m Socket.data node_modules/postgres/src/connection.js:[2m324:9[22m[39m
[90m [2m❯[22m cachedError node_modules/postgres/src/query.js:[2m170:23[22m[39m
[90m [2m❯[22m new Query node_modules/postgres/src/query.js:[2m36:24[22m[39m
[90m [2m❯[22m sql node_modules/postgres/src/index.js:[2m112:11[22m[39m
[36m [2m❯[22m setupDraft server/src/__tests__/F-MOD-009_whammy.test.ts:[2m142:56[22m[39m
    [90m140|[39m     });
    [90m141|[39m     team1Id = t1Res.json<{ id: string }>().id;
    [90m142|[39m     const [t1Row] = await sql<[{ auth_epoch: number }]>`SELECT auth_ep…
    [90m   |[39m                                                        [31m^[39m
    [90m143|[39m     team1Token = ***REDACTED*** league_id: leagueId, team_id: team1Id, ro…
    [90m144|[39m

[31m[2m⎯⎯⎯⎯⎯⎯⎯⎯⎯⎯⎯⎯⎯⎯⎯⎯⎯⎯⎯⎯⎯[44/205]⎯[22m[39m

[41m[1m FAIL [22m[49m [30m[43m node [49m[39m server/src/__tests__/F-MOD-009_whammy.test.ts[2m > [22mF-MOD-009 whammy events[2m > [22mtest_F_MOD_009_max_per_team_exceeded_rejects_and_no_ledger_entry
[41m[1m FAIL [22m[49m [30m[43m node [49m[39m server/src/__tests__/F-MOD-009_whammy.test.ts[2m > [22mF-MOD-009 whammy events[2m > [22mtest_F_MOD_009_max_per_draft_exceeded_rejects
[41m[1m FAIL [22m[49m [30m[43m node [49m[39m server/src/__tests__/F-MOD-009_whammy.test.ts[2m > [22mF-MOD-009 whammy events[2m > [22mtest_F_MOD_009_allow_positive_false_rejects_positive_amount
[41m[1m FAIL [22m[49m [30m[43m node [49m[39m server/src/__tests__/F-MOD-009_whammy.test.ts[2m > [22mF-MOD-009 whammy events[2m > [22mtest_F_MOD_009_allow_negative_false_rejects_negative_amount
[41m[1m FAIL [22m[49m [30m[43m node [49m[39m server/src/__tests__/F-MOD-009_whammy.test.ts[2m > [22mF-MOD-009 whammy events[2m > [22mtest_F_MOD_009_amount_that_breaches_roster_completion_invariant_is_rejected
[41m[1m FAIL [22m[49m [30m[43m node [49m[39m server/src/__tests__/F-MOD-009_whammy.test.ts[2m > [22mF-MOD-009 whammy events[2m > [22mtest_F_MOD_009_approval_required_creates_pending_approval_no_ledger_no_broadcast
[41m[1m FAIL [22m[49m [30m[43m node [49m[39m server/src/__tests__/F-MOD-009_whammy.test.ts[2m > [22mF-MOD-009 whammy events[2m > [22mtest_F_MOD_009_reject_pending_whammy_sets_rejected_no_budget_effect
[41m[1m FAIL [22m[49m [30m[43m node [49m[39m server/src/__tests__/F-MOD-009_whammy.test.ts[2m > [22mF-MOD-009 whammy events[2m > [22mtest_F_MOD_009_approve_pending_whammy_applies_budget_effect_in_transaction
[41m[1m FAIL [22m[49m [30m[43m node [49m[39m server/src/__tests__/F-MOD-009_whammy.test.ts[2m > [22mF-MOD-009 whammy events[2m > [22mtest_F_MOD_009_no_approval_required_applies_immediately_in_single_transaction
[41m[1m FAIL [22m[49m [30m[43m node [49m[39m server/src/__tests__/F-MOD-009_whammy.test.ts[2m > [22mF-MOD-009 whammy events[2m > [22mtest_F_MOD_009_non_commissioner_returns_403_no_state_written
[41m[1m FAIL [22m[49m [30m[43m node [49m[39m server/src/__tests__/F-MOD-009_whammy.test.ts[2m > [22mF-MOD-009 whammy events[2m > [22mtest_F_MOD_009_remaining_budget_equals_initial_minus_sum_of_active_ledger_debits
[41m[1m FAIL [22m[49m [30m[43m node [49m[39m server/src/__tests__/F-MOD-009_whammy.test.ts[2m > [22mF-MOD-009 whammy events[2m > [22mtest_F_MOD_009_whammy_applied_ws_broadcast_delivers_correct_payload
[41m[1m FAIL [22m[49m [30m[43m node [49m[39m server/src/__tests__/F-MOD-009_whammy.test.ts[2m > [22mF-MOD-009 whammy events[2m > [22mtest_F_MOD_009_positive_whammy_increases_team_budget
[31m[1mError[22m: UNDEFINED_VALUE: Undefined values are not allowed[39m
[90m [2m❯[22m handleValue node_modules/postgres/src/types.js:[2m83:20[22m[39m
[90m [2m❯[22m stringifyValue node_modules/postgres/src/types.js:[2m113:5[22m[39m
[90m [2m❯[22m stringify node_modules/postgres/src/types.js:[2m100:16[22m[39m
[90m [2m❯[22m build node_modules/postgres/src/connection.js:[2m228:20[22m[39m
[90m [2m❯[22m Object.execute node_modules/postgres/src/connection.js:[2m172:7[22m[39m
[90m [2m❯[22m go node_modules/postgres/src/index.js:[2m345:14[22m[39m
[90m [2m❯[22m Query.handler node_modules/postgres/src/index.js:[2m334:14[22m[39m
[90m [2m❯[22m Query.handle node_modules/postgres/src/query.js:[2m140:65[22m[39m
[90m [2m❯[22m cachedError node_modules/postgres/src/query.js:[2m170:23[22m[39m
[90m [2m❯[22m new Query node_modules/postgres/src/query.js:[2m36:24[22m[39m
[90m [2m❯[22m sql node_modules/postgres/src/index.js:[2m112:11[22m[39m
[36m [2m❯[22m setupDraft server/src/__tests__/F-MOD-009_whammy.test.ts:[2m142:56[22m[39m
    [90m140|[39m     });
    [90m141|[39m     team1Id = t1Res.json<{ id: string }>().id;
    [90m142|[39m     const [t1Row] = await sql<[{ auth_epoch: number }]>`SELECT auth_ep…
    [90m   |[39m                                                        [31m^[39m
    [90m143|[39m     team1Token = ***REDACTED*** league_id: leagueId, team_id: team1Id, ro…
    [90m144|[39m

[31m[2m⎯⎯⎯⎯⎯⎯⎯⎯⎯⎯⎯⎯⎯⎯⎯⎯⎯⎯⎯⎯⎯[45/205]⎯[22m[39m

[41m[1m FAIL [22m[49m [30m[43m node [49m[39m server/src/__tests__/F-MOD-010_league_setup.test.ts[2m > [22mF-MOD-010 commissioner league setup[2m > [22mtest_F_MOD_010_get_league_accepts_owner_token_and_returns_status_message
[31m[1mAssertionError[22m: expected 403 to be 200 // Object.is equality[39m

[32m- Expected[39m
[31m+ Received[39m

[32m- 200[39m
[31m+ 403[39m

[36m [2m❯[22m server/src/__tests__/F-MOD-010_league_setup.test.ts:[2m103:28[22m[39m
    [90m101|[39m       headers: { authorization: ***REDACTED*** ***REDACTED*** },
    [90m102|[39m     });
    [90m103|[39m     expect(res.statusCode).toBe(200);
    [90m   |[39m                            [31m^[39m
    [90m104|[39m     expect(res.json<{ status_message: string | null }>().status_messag…
    [90m105|[39m   });

[31m[2m⎯⎯⎯⎯⎯⎯⎯⎯⎯⎯⎯⎯⎯⎯⎯⎯⎯⎯⎯⎯⎯[46/205]⎯[22m[39m

[41m[1m FAIL [22m[49m [30m[43m node [49m[39m server/src/__tests__/F-MOD-010_league_setup.test.ts[2m > [22mF-MOD-010 commissioner league setup[2m > [22mtest_F_MOD_010_get_league_owner_token_for_different_league_still_returns_403
[31m[1mError[22m: UNDEFINED_VALUE: Undefined values are not allowed[39m
[90m [2m❯[22m handleValue node_modules/postgres/src/types.js:[2m83:20[22m[39m
[90m [2m❯[22m stringifyValue node_modules/postgres/src/types.js:[2m113:5[22m[39m
[90m [2m❯[22m stringify node_modules/postgres/src/types.js:[2m100:16[22m[39m
[90m [2m❯[22m build node_modules/postgres/src/connection.js:[2m228:20[22m[39m
[90m [2m❯[22m execute node_modules/postgres/src/connection.js:[2m172:7[22m[39m
[90m [2m❯[22m ReadyForQuery node_modules/postgres/src/connection.js:[2m567:38[22m[39m
[90m [2m❯[22m handle node_modules/postgres/src/connection.js:[2m489:6[22m[39m
[90m [2m❯[22m Socket.data node_modules/postgres/src/connection.js:[2m324:9[22m[39m
[90m [2m❯[22m cachedError node_modules/postgres/src/query.js:[2m170:23[22m[39m
[90m [2m❯[22m new Query node_modules/postgres/src/query.js:[2m36:24[22m[39m
[90m [2m❯[22m sql node_modules/postgres/src/index.js:[2m112:11[22m[39m
[36m [2m❯[22m server/src/__tests__/F-MOD-010_league_setup.test.ts:[2m126:14[22m[39m
    [90m124|[39m     expect(res.statusCode).toBe(403);
    [90m125|[39m
    [90m126|[39m     await sql`DELETE FROM leagues WHERE id = ${otherLeagueId}`;
    [90m   |[39m              [31m^[39m
    [90m127|[39m   });
    [90m128|[39m

[31m[2m⎯⎯⎯⎯⎯⎯⎯⎯⎯⎯⎯⎯⎯⎯⎯⎯⎯⎯⎯⎯⎯[47/205]⎯[22m[39m

[41m[1m FAIL [22m[49m [30m[43m node [49m[39m server/src/__tests__/F-MOD-010_league_setup.test.ts[2m > [22mF-MOD-010 commissioner league setup[2m > [22mtest_F_MOD_010_update_league_identity_persists_and_returns_summary
[31m[1mAssertionError[22m: expected 403 to be 200 // Object.is equality[39m

[32m- Expected[39m
[31m+ Received[39m

[32m- 200[39m
[31m+ 403[39m

[36m [2m❯[22m server/src/__tests__/F-MOD-010_league_setup.test.ts:[2m146:28[22m[39m
    [90m144|[39m       payload: { name: 'Renamed League', logo_url: 'https://example.co…
    [90m145|[39m     });
    [90m146|[39m     expect(res.statusCode).toBe(200);
    [90m   |[39m                            [31m^[39m
    [90m147|[39m     const body = res.json<{ name: string; logo_url: string | null; nam…
    [90m148|[39m     expect(body.name).toBe('Renamed League');

[31m[2m⎯⎯⎯⎯⎯⎯⎯⎯⎯⎯⎯⎯⎯⎯⎯⎯⎯⎯⎯⎯⎯[48/205]⎯[22m[39m

[41m[1m FAIL [22m[49m [30m[43m node [49m[39m server/src/__tests__/F-MOD-010_league_setup.test.ts[2m > [22mF-MOD-010 commissioner league setup[2m > [22mtest_F_MOD_010_update_league_status_message_null_reads_back_null
[31m[1mAssertionError[22m: expected 403 to be 200 // Object.is equality[39m

[32m- Expected[39m
[31m+ Received[39m

[32m- 200[39m
[31m+ 403[39m

[36m [2m❯[22m server/src/__tests__/F-MOD-010_league_setup.test.ts:[2m204:32[22m[39m
    [90m202|[39m       payload: { status_message: null },
    [90m203|[39m     });
    [90m204|[39m     expect(cleared.statusCode).toBe(200);
    [90m   |[39m                                [31m^[39m
    [90m205|[39m     expect(cleared.json<{ status_message: string | null }>().status_me…
    [90m206|[39m   });

[31m[2m⎯⎯⎯⎯⎯⎯⎯⎯⎯⎯⎯⎯⎯⎯⎯⎯⎯⎯⎯⎯⎯[49/205]⎯[22m[39m

[41m[1m FAIL [22m[49m [30m[43m node [49m[39m server/src/__tests__/F-MOD-010_league_setup.test.ts[2m > [22mF-MOD-010 commissioner league setup[2m > [22mtest_F_MOD_010_update_league_scheduled_start_persists_and_reads_back
[31m[1mAssertionError[22m: expected 403 to be 200 // Object.is equality[39m

[32m- Expected[39m
[31m+ Received[39m

[32m- 200[39m
[31m+ 403[39m

[36m [2m❯[22m server/src/__tests__/F-MOD-010_league_setup.test.ts:[2m224:28[22m[39m
    [90m222|[39m       payload: { scheduled_draft_start_at: startAt },
    [90m223|[39m     });
    [90m224|[39m     expect(res.statusCode).toBe(200);
    [90m   |[39m                            [31m^[39m
    [90m225|[39m     expect(res.json<{ scheduled_draft_start_at: string | null }>().sch…
    [90m226|[39m

[31m[2m⎯⎯⎯⎯⎯⎯⎯⎯⎯⎯⎯⎯⎯⎯⎯⎯⎯⎯⎯⎯⎯[50/205]⎯[22m[39m

[41m[1m FAIL [22m[49m [30m[43m node [49m[39m server/src/__tests__/F-MOD-010_league_setup.test.ts[2m > [22mF-MOD-010 commissioner league setup[2m > [22mtest_F_MOD_010_update_team_starting_budget_override_persists
[31m[1mAssertionError[22m: expected 403 to be 200 // Object.is equality[39m

[32m- Expected[39m
[31m+ Received[39m

[32m- 200[39m
[31m+ 403[39m

[36m [2m❯[22m server/src/__tests__/F-MOD-010_league_setup.test.ts:[2m246:28[22m[39m
    [90m244|[39m       payload: { starting_budget_override_minor: 15000 },
    [90m245|[39m     });
    [90m246|[39m     expect(res.statusCode).toBe(200);
    [90m   |[39m                            [31m^[39m
    [90m247|[39m     expect(res.json<{ starting_budget_override_minor: number | null }>…
    [90m248|[39m

[31m[2m⎯⎯⎯⎯⎯⎯⎯⎯⎯⎯⎯⎯⎯⎯⎯⎯⎯⎯⎯⎯⎯[51/205]⎯[22m[39m

[41m[1m FAIL [22m[49m [30m[43m node [49m[39m server/src/__tests__/F-MOD-010_league_setup.test.ts[2m > [22mF-MOD-010 commissioner league setup[2m > [22mtest_F_MOD_010_update_team_name_lock_and_draft_order_persist
[31m[1mAssertionError[22m: expected 403 to be 200 // Object.is equality[39m

[32m- Expected[39m
[31m+ Received[39m

[32m- 200[39m
[31m+ 403[39m

[36m [2m❯[22m server/src/__tests__/F-MOD-010_league_setup.test.ts:[2m269:28[22m[39m
    [90m267|[39m       payload: { name_lock: true, draft_order: 5 },
    [90m268|[39m     });
    [90m269|[39m     expect(res.statusCode).toBe(200);
    [90m   |[39m                            [31m^[39m
    [90m270|[39m     const body = res.json<{ name_lock: boolean; draft_order: number }>…
    [90m271|[39m     expect(body.name_lock).toBe(true);

[31m[2m⎯⎯⎯⎯⎯⎯⎯⎯⎯⎯⎯⎯⎯⎯⎯⎯⎯⎯⎯⎯⎯[52/205]⎯[22m[39m

[41m[1m FAIL [22m[49m [30m[43m node [49m[39m server/src/__tests__/F-MOD-010_league_setup.test.ts[2m > [22mF-MOD-010 commissioner league setup[2m > [22mtest_F_MOD_010_generate_commissioner_password_bumps_auth_epoch_and_invalidates_old_token
***REDACTED*** expected 403 to be 200 // Object.is equality[39m

[32m- Expected[39m
[31m+ Received[39m

[32m- 200[39m
[31m+ 403[39m

[36m [2m❯[22m server/src/__tests__/F-MOD-010_league_setup.test.ts:[2m292:28[22m[39m
    [90m290|[39m       payload: { scope: 'COMMISSIONER' },
    [90m291|[39m     });
    [90m292|[39m     expect(res.statusCode).toBe(200);
    [90m   |[39m                            [31m^[39m
    [90m293|[39m     const body = res.json<{ scope: string; password: ***REDACTED*** }>();
    [90m294|[39m     expect(body.scope).toBe('COMMISSIONER');

[31m[2m⎯⎯⎯⎯⎯⎯⎯⎯⎯⎯⎯⎯⎯⎯⎯⎯⎯⎯⎯⎯⎯[53/205]⎯[22m[39m

[41m[1m FAIL [22m[49m [30m[43m node [49m[39m server/src/__tests__/F-MOD-010_league_setup.test.ts[2m > [22mF-MOD-010 commissioner league setup[2m > [22mtest_F_MOD_010_generate_team_password_with_custom_value_stores_exact_value
[31m[1mAssertionError[22m: expected 403 to be 200 // Object.is equality[39m

[32m- Expected[39m
[31m+ Received[39m

[32m- 200[39m
[31m+ 403[39m

[36m [2m❯[22m server/src/__tests__/F-MOD-010_league_setup.test.ts:[2m325:28[22m[39m
    [90m323|[39m       payload: { scope: 'TEAM', team_id: teamId, custom_password: ***REDACTED***
    [90m327|[39m

[31m[2m⎯⎯⎯⎯⎯⎯⎯⎯⎯⎯⎯⎯⎯⎯⎯⎯⎯⎯⎯⎯⎯[54/205]⎯[22m[39m

[41m[1m FAIL [22m[49m [30m[43m node [49m[39m server/src/__tests__/F-MOD-010_league_setup.test.ts[2m > [22mF-MOD-010 commissioner league setup[2m > [22mtest_F_MOD_010_generate_host_password_then_host_login_succeeds
[31m[1mAssertionError[22m: expected 500 to be 200 // Object.is equality[39m

[32m- Expected[39m
[31m+ Received[39m

[32m- 200[39m
[31m+ 500[39m

[36m [2m❯[22m server/src/__tests__/F-MOD-010_league_setup.test.ts:[2m356:33[22m[39m
    [90m354|[39m       payload: { role: 'HOST', password: ***REDACTED*** },
    [90m355|[39m     });
    [90m356|[39m     expect(loginRes.statusCode).toBe(200);
    [90m   |[39m                                 [31m^[39m
    [90m357|[39m     const { token: ***REDACTED*** } = loginRes.json<{ token: ***REDACTED*** }>();
    [90m358|[39m

[31m[2m⎯⎯⎯⎯⎯⎯⎯⎯⎯⎯⎯⎯⎯⎯⎯⎯⎯⎯⎯⎯⎯[55/205]⎯[22m[39m

[41m[1m FAIL [22m[49m [30m[43m node [49m[39m server/src/__tests__/F-MOD-010_league_setup.test.ts[2m > [22mF-MOD-010 commissioner league setup[2m > [22mtest_F_MOD_010_host_login_rejected_when_host_password_unset
[31m[1mAssertionError[22m: expected 500 to be 401 // Object.is equality[39m

[32m- Expected[39m
[31m+ Received[39m

[32m- 401[39m
[31m+ 500[39m

[36m [2m❯[22m server/src/__tests__/F-MOD-010_league_setup.test.ts:[2m378:28[22m[39m
    [90m376|[39m       payload: { role: 'HOST', password: ***REDACTED*** },
    [90m377|[39m     });
    [90m378|[39m     expect(res.statusCode).toBe(401);
    [90m   |[39m                            [31m^[39m
    [90m379|[39m   });
    [90m380|[39m

[31m[2m⎯⎯⎯⎯⎯⎯⎯⎯⎯⎯⎯⎯⎯⎯⎯⎯⎯⎯⎯⎯⎯[56/205]⎯[22m[39m

[41m[1m FAIL [22m[49m [30m[43m node [49m[39m server/src/__tests__/F-MOD-010_league_setup.test.ts[2m > [22mF-MOD-010 commissioner league setup[2m > [22mtest_F_MOD_010_set_whammy_config_upserts_and_is_enforced_by_mod009
[31m[1mAssertionError[22m: expected 403 to be 200 // Object.is equality[39m

[32m- Expected[39m
[31m+ Received[39m

[32m- 200[39m
[31m+ 403[39m

[36m [2m❯[22m server/src/__tests__/F-MOD-010_league_setup.test.ts:[2m425:28[22m[39m
    [90m423|[39m       },
    [90m424|[39m     });
    [90m425|[39m     expect(res.statusCode).toBe(200);
    [90m   |[39m                            [31m^[39m
    [90m426|[39m
    [90m427|[39m     const [row] = await sql<[{ enabled: boolean; max_amount_minor: num…

[31m[2m⎯⎯⎯⎯⎯⎯⎯⎯⎯⎯⎯⎯⎯⎯⎯⎯⎯⎯⎯⎯⎯[57/205]⎯[22m[39m

[41m[1m FAIL [22m[49m [30m[43m node [49m[39m server/src/__tests__/F-MOD-010_league_setup.test.ts[2m > [22mF-MOD-010 commissioner league setup[2m > [22mtest_F_MOD_010_readiness_checklist_returns_pass_fail_rows_never_third_state
[31m[1mAssertionError[22m: expected 403 to be 200 // Object.is equality[39m

[32m- Expected[39m
[31m+ Received[39m

[32m- 200[39m
[31m+ 403[39m

[36m [2m❯[22m server/src/__tests__/F-MOD-010_league_setup.test.ts:[2m461:28[22m[39m
    [90m459|[39m       headers: { authorization: ***REDACTED*** ***REDACTED*** },
    [90m460|[39m     });
    [90m461|[39m     expect(res.statusCode).toBe(200);
    [90m   |[39m                            [31m^[39m
    [90m462|[39m     const body = res.json<{ items: Array<{ key: string; status: string…
    [90m463|[39m     expect(Array.isArray(body.items)).toBe(true);

[31m[2m⎯⎯⎯⎯⎯⎯⎯⎯⎯⎯⎯⎯⎯⎯⎯⎯⎯⎯⎯⎯⎯[58/205]⎯[22m[39m

[41m[1m FAIL [22m[49m [30m[43m node [49m[39m server/src/__tests__/F-MOD-010_war_room.test.ts[2m > [22mF-MOD-010 War Room read endpoints[2m > [22mtest_F_MOD_010_config_returns_roster_slots_and_auction_settings
[31m[1mError[22m: UNDEFINED_VALUE: Undefined values are not allowed[39m
[90m [2m❯[22m handleValue node_modules/postgres/src/types.js:[2m83:20[22m[39m
[90m [2m❯[22m stringifyValue node_modules/postgres/src/types.js:[2m113:5[22m[39m
[90m [2m❯[22m stringify node_modules/postgres/src/types.js:[2m100:16[22m[39m
[90m [2m❯[22m build node_modules/postgres/src/connection.js:[2m228:20[22m[39m
[90m [2m❯[22m execute node_modules/postgres/src/connection.js:[2m172:7[22m[39m
[90m [2m❯[22m ReadyForQuery node_modules/postgres/src/connection.js:[2m567:38[22m[39m
[90m [2m❯[22m handle node_modules/postgres/src/connection.js:[2m489:6[22m[39m
[90m [2m❯[22m Socket.data node_modules/postgres/src/connection.js:[2m324:9[22m[39m
[90m [2m❯[22m cachedError node_modules/postgres/src/query.js:[2m170:23[22m[39m
[90m [2m❯[22m new Query node_modules/postgres/src/query.js:[2m36:24[22m[39m
[90m [2m❯[22m sql node_modules/postgres/src/index.js:[2m112:11[22m[39m
[36m [2m❯[22m setupDraft server/src/__tests__/F-MOD-010_war_room.test.ts:[2m112:53[22m[39m
    [90m110|[39m     team2Id = t2.json<{ id: string }>().id;
    [90m111|[39m
    [90m112|[39m     const [e1] = await sql<[{ auth_epoch: number }]>`SELECT auth_epoch…
    [90m   |[39m                                                     [31m^[39m
    [90m113|[39m     const [e2] = await sql<[{ auth_epoch: number }]>`SELECT auth_epoch…
    [90m114|[39m     team1Token = ***REDACTED*** league_id: leagueId, team_id: team1Id, ro…

[31m[2m⎯⎯⎯⎯⎯⎯⎯⎯⎯⎯⎯⎯⎯⎯⎯⎯⎯⎯⎯⎯⎯[59/205]⎯[22m[39m

[41m[1m FAIL [22m[49m [30m[43m node [49m[39m server/src/__tests__/F-MOD-010_war_room.test.ts[2m > [22mF-MOD-010 War Room read endpoints[2m > [22mtest_F_MOD_010_roster_grid_returns_all_teams_before_any_picks
[41m[1m FAIL [22m[49m [30m[43m node [49m[39m server/src/__tests__/F-MOD-010_war_room.test.ts[2m > [22mF-MOD-010 War Room read endpoints[2m > [22mtest_F_MOD_010_roster_grid_and_activity_reflect_awarded_pick
[41m[1m FAIL [22m[49m [30m[43m node [49m[39m server/src/__tests__/F-MOD-010_war_room.test.ts[2m > [22mF-MOD-010 War Room read endpoints[2m > [22mtest_F_MOD_010_nomination_turn_advances_to_next_team_after_award
[41m[1m FAIL [22m[49m [30m[43m node [49m[39m server/src/__tests__/F-MOD-010_war_room.test.ts[2m > [22mF-MOD-010 War Room read endpoints[2m > [22mtest_F_MOD_010_roster_grid_rejects_token_from_a_different_league
[41m[1m FAIL [22m[49m [30m[43m node [49m[39m server/src/__tests__/F-MOD-010_war_room.test.ts[2m > [22mF-MOD-010 War Room read endpoints[2m > [22mtest_F_MOD_010_roster_grid_missing_token_returns_401
[41m[1m FAIL [22m[49m [30m[43m node [49m[39m server/src/__tests__/F-MOD-010_war_room.test.ts[2m > [22mF-MOD-010 War Room read endpoints[2m > [22mtest_F_MOD_010_state_snapshot_includes_player_details_for_open_auction
[31m[1mError[22m: UNDEFINED_VALUE: Undefined values are not allowed[39m
[90m [2m❯[22m handleValue node_modules/postgres/src/types.js:[2m83:20[22m[39m
[90m [2m❯[22m stringifyValue node_modules/postgres/src/types.js:[2m113:5[22m[39m
[90m [2m❯[22m stringify node_modules/postgres/src/types.js:[2m100:16[22m[39m
[90m [2m❯[22m build node_modules/postgres/src/connection.js:[2m228:20[22m[39m
[90m [2m❯[22m Object.execute node_modules/postgres/src/connection.js:[2m172:7[22m[39m
[90m [2m❯[22m go node_modules/postgres/src/index.js:[2m345:14[22m[39m
[90m [2m❯[22m Query.handler node_modules/postgres/src/index.js:[2m334:14[22m[39m
[90m [2m❯[22m Query.handle node_modules/postgres/src/query.js:[2m140:65[22m[39m
[90m [2m❯[22m cachedError node_modules/postgres/src/query.js:[2m170:23[22m[39m
[90m [2m❯[22m new Query node_modules/postgres/src/query.js:[2m36:24[22m[39m
[90m [2m❯[22m sql node_modules/postgres/src/index.js:[2m112:11[22m[39m
[36m [2m❯[22m setupDraft server/src/__tests__/F-MOD-010_war_room.test.ts:[2m112:53[22m[39m
    [90m110|[39m     team2Id = t2.json<{ id: string }>().id;
    [90m111|[39m
    [90m112|[39m     const [e1] = await sql<[{ auth_epoch: number }]>`SELECT auth_epoch…
    [90m   |[39m                                                     [31m^[39m
    [90m113|[39m     const [e2] = await sql<[{ auth_epoch: number }]>`SELECT auth_epoch…
    [90m114|[39m     team1Token = ***REDACTED*** league_id: leagueId, team_id: team1Id, ro…

[31m[2m⎯⎯⎯⎯⎯⎯⎯⎯⎯⎯⎯⎯⎯⎯⎯⎯⎯⎯⎯⎯⎯[60/205]⎯[22m[39m

[41m[1m FAIL [22m[49m [30m[43m node [49m[39m server/src/__tests__/F-MOD-011_draft_control.test.ts[2m > [22mF-MOD-011 commissioner draft control[2m > [22mtest_F_MOD_011_timer_extend_moves_deadline_and_bumps_version
[31m[1mError[22m: UNDEFINED_VALUE: Undefined values are not allowed[39m
[90m [2m❯[22m handleValue node_modules/postgres/src/types.js:[2m83:20[22m[39m
[90m [2m❯[22m stringifyValue node_modules/postgres/src/types.js:[2m113:5[22m[39m
[90m [2m❯[22m stringify node_modules/postgres/src/types.js:[2m100:16[22m[39m
[90m [2m❯[22m build node_modules/postgres/src/connection.js:[2m228:20[22m[39m
[90m [2m❯[22m execute node_modules/postgres/src/connection.js:[2m172:7[22m[39m
[90m [2m❯[22m ReadyForQuery node_modules/postgres/src/connection.js:[2m567:38[22m[39m
[90m [2m❯[22m handle node_modules/postgres/src/connection.js:[2m489:6[22m[39m
[90m [2m❯[22m Socket.data node_modules/postgres/src/connection.js:[2m324:9[22m[39m
[90m [2m❯[22m cachedError node_modules/postgres/src/query.js:[2m170:23[22m[39m
[90m [2m❯[22m new Query node_modules/postgres/src/query.js:[2m36:24[22m[39m
[90m [2m❯[22m sql node_modules/postgres/src/index.js:[2m112:11[22m[39m
[36m [2m❯[22m setupDraft server/src/__tests__/F-MOD-011_draft_control.test.ts:[2m121:53[22m[39m
    [90m119|[39m     team2Id = t2.json<{ id: string }>().id;
    [90m120|[39m
    [90m121|[39m     const [e1] = await sql<[{ auth_epoch: number }]>`SELECT auth_epoch…
    [90m   |[39m                                                     [31m^[39m
    [90m122|[39m     const [e2] = await sql<[{ auth_epoch: number }]>`SELECT auth_epoch…
    [90m123|[39m     team1Token = ***REDACTED*** league_id: leagueId, team_id: team1Id, ro…

[31m[2m⎯⎯⎯⎯⎯⎯⎯⎯⎯⎯⎯⎯⎯⎯⎯⎯⎯⎯⎯⎯⎯[61/205]⎯[22m[39m

[41m[1m FAIL [22m[49m [30m[43m node [49m[39m server/src/__tests__/F-MOD-011_draft_control.test.ts[2m > [22mF-MOD-011 commissioner draft control[2m > [22mtest_F_MOD_011_timer_extend_rejected_when_no_open_auction
[41m[1m FAIL [22m[49m [30m[43m node [49m[39m server/src/__tests__/F-MOD-011_draft_control.test.ts[2m > [22mF-MOD-011 commissioner draft control[2m > [22mtest_F_MOD_011_timer_extend_forbidden_for_owner
[41m[1m FAIL [22m[49m [30m[43m node [49m[39m server/src/__tests__/F-MOD-011_draft_control.test.ts[2m > [22mF-MOD-011 commissioner draft control[2m > [22mtest_F_MOD_011_timer_extend_forbidden_for_wrong_league
[41m[1m FAIL [22m[49m [30m[43m node [49m[39m server/src/__tests__/F-MOD-011_draft_control.test.ts[2m > [22mF-MOD-011 commissioner draft control[2m > [22mtest_F_MOD_011_budget_adjustment_applies_exact_delta_and_appends_ledger
[41m[1m FAIL [22m[49m [30m[43m node [49m[39m server/src/__tests__/F-MOD-011_draft_control.test.ts[2m > [22mF-MOD-011 commissioner draft control[2m > [22mtest_F_MOD_011_budget_adjustment_rejects_missing_reason
[41m[1m FAIL [22m[49m [30m[43m node [49m[39m server/src/__tests__/F-MOD-011_draft_control.test.ts[2m > [22mF-MOD-011 commissioner draft control[2m > [22mtest_F_MOD_011_budget_adjustment_forbidden_for_owner
[41m[1m FAIL [22m[49m [30m[43m node [49m[39m server/src/__tests__/F-MOD-011_draft_control.test.ts[2m > [22mF-MOD-011 commissioner draft control[2m > [22mtest_F_MOD_011_reassign_changes_player_on_open_auction
[41m[1m FAIL [22m[49m [30m[43m node [49m[39m server/src/__tests__/F-MOD-011_draft_control.test.ts[2m > [22mF-MOD-011 commissioner draft control[2m > [22mtest_F_MOD_011_reassign_manually_awards_to_team
[41m[1m FAIL [22m[49m [30m[43m node [49m[39m server/src/__tests__/F-MOD-011_draft_control.test.ts[2m > [22mF-MOD-011 commissioner draft control[2m > [22mtest_F_MOD_011_reassign_rejected_when_no_open_auction
[41m[1m FAIL [22m[49m [30m[43m node [49m[39m server/src/__tests__/F-MOD-011_draft_control.test.ts[2m > [22mF-MOD-011 commissioner draft control[2m > [22mtest_F_MOD_011_reassign_forbidden_for_owner
[41m[1m FAIL [22m[49m [30m[43m node [49m[39m server/src/__tests__/F-MOD-011_draft_control.test.ts[2m > [22mF-MOD-011 commissioner draft control[2m > [22mtest_F_MOD_011_health_panel_reports_status_and_connection_counts
[41m[1m FAIL [22m[49m [30m[43m node [49m[39m server/src/__tests__/F-MOD-011_draft_control.test.ts[2m > [22mF-MOD-011 commissioner draft control[2m > [22mtest_F_MOD_011_health_reflects_current_open_auction
[41m[1m FAIL [22m[49m [30m[43m node [49m[39m server/src/__tests__/F-MOD-011_draft_control.test.ts[2m > [22mF-MOD-011 commissioner draft control[2m > [22mtest_F_MOD_011_health_forbidden_for_owner
[41m[1m FAIL [22m[49m [30m[43m node [49m[39m server/src/__tests__/F-MOD-011_draft_control.test.ts[2m > [22mF-MOD-011 commissioner draft control[2m > [22mtest_F_MOD_011_audit_log_includes_module_actions_most_recent_first
[41m[1m FAIL [22m[49m [30m[43m node [49m[39m server/src/__tests__/F-MOD-011_draft_control.test.ts[2m > [22mF-MOD-011 commissioner draft control[2m > [22mtest_F_MOD_011_audit_log_forbidden_for_owner
[41m[1m FAIL [22m[49m [30m[43m node [49m[39m server/src/__tests__/F-MOD-011_draft_control.test.ts[2m > [22mF-MOD-011 commissioner draft control[2m > [22mtest_F_MOD_011_on_behalf_of_nominate_attributed_to_target_team
[41m[1m FAIL [22m[49m [30m[43m node [49m[39m server/src/__tests__/F-MOD-011_draft_control.test.ts[2m > [22mF-MOD-011 commissioner draft control[2m > [22mtest_F_MOD_011_on_behalf_of_bid_accepted_and_attributed_to_target_team
[41m[1m FAIL [22m[49m [30m[43m node [49m[39m server/src/__tests__/F-MOD-011_draft_control.test.ts[2m > [22mF-MOD-011 commissioner draft control[2m > [22mtest_F_MOD_011_on_behalf_of_rejected_for_non_commissioner
[31m[1mError[22m: UNDEFINED_VALUE: Undefined values are not allowed[39m
[90m [2m❯[22m handleValue node_modules/postgres/src/types.js:[2m83:20[22m[39m
[90m [2m❯[22m stringifyValue node_modules/postgres/src/types.js:[2m113:5[22m[39m
[90m [2m❯[22m stringify node_modules/postgres/src/types.js:[2m100:16[22m[39m
[90m [2m❯[22m build node_modules/postgres/src/connection.js:[2m228:20[22m[39m
[90m [2m❯[22m Object.execute node_modules/postgres/src/connection.js:[2m172:7[22m[39m
[90m [2m❯[22m go node_modules/postgres/src/index.js:[2m345:14[22m[39m
[90m [2m❯[22m Query.handler node_modules/postgres/src/index.js:[2m334:14[22m[39m
[90m [2m❯[22m Query.handle node_modules/postgres/src/query.js:[2m140:65[22m[39m
[90m [2m❯[22m cachedError node_modules/postgres/src/query.js:[2m170:23[22m[39m
[90m [2m❯[22m new Query node_modules/postgres/src/query.js:[2m36:24[22m[39m
[90m [2m❯[22m sql node_modules/postgres/src/index.js:[2m112:11[22m[39m
[36m [2m❯[22m setupDraft server/src/__tests__/F-MOD-011_draft_control.test.ts:[2m121:53[22m[39m
    [90m119|[39m     team2Id = t2.json<{ id: string }>().id;
    [90m120|[39m
    [90m121|[39m     const [e1] = await sql<[{ auth_epoch: number }]>`SELECT auth_epoch…
    [90m   |[39m                                                     [31m^[39m
    [90m122|[39m     const [e2] = await sql<[{ auth_epoch: number }]>`SELECT auth_epoch…
    [90m123|[39m     team1Token = ***REDACTED*** league_id: leagueId, team_id: team1Id, ro…

[31m[2m⎯⎯⎯⎯⎯⎯⎯⎯⎯⎯⎯⎯⎯⎯⎯⎯⎯⎯⎯⎯⎯[62/205]⎯[22m[39m

[41m[1m FAIL [22m[49m [30m[43m node [49m[39m server/src/__tests__/F-MOD-013_report_metrics.test.ts[2m > [22mF-MOD-013 draft summary report metrics[2m > [22mF_MOD_013_report_includes_projected_starter_points_roster_depth_and_aav_efficiency
[41m[1m FAIL [22m[49m [30m[43m node [49m[39m server/src/__tests__/F-MOD-013_report_metrics.test.ts[2m > [22mF-MOD-013 draft summary report metrics[2m > [22mF_MOD_013_report_bench_player_points_excluded_from_starter_sum
[41m[1m FAIL [22m[49m [30m[43m node [49m[39m server/src/__tests__/F-MOD-013_report_metrics.test.ts[2m > [22mF-MOD-013 draft summary report metrics[2m > [22mF_MOD_013_report_includes_league_wide_spend_vs_aav_totals
[31m[1mError[22m: UNDEFINED_VALUE: Undefined values are not allowed[39m
[90m [2m❯[22m handleValue node_modules/postgres/src/types.js:[2m83:20[22m[39m
[90m [2m❯[22m stringifyValue node_modules/postgres/src/types.js:[2m113:5[22m[39m
[90m [2m❯[22m stringify node_modules/postgres/src/types.js:[2m100:16[22m[39m
[90m [2m❯[22m build node_modules/postgres/src/connection.js:[2m228:20[22m[39m
[90m [2m❯[22m Object.execute node_modules/postgres/src/connection.js:[2m172:7[22m[39m
[90m [2m❯[22m go node_modules/postgres/src/index.js:[2m345:14[22m[39m
[90m [2m❯[22m Query.handler node_modules/postgres/src/index.js:[2m334:14[22m[39m
[90m [2m❯[22m Query.handle node_modules/postgres/src/query.js:[2m140:65[22m[39m
[90m [2m❯[22m cachedError node_modules/postgres/src/query.js:[2m170:23[22m[39m
[90m [2m❯[22m new Query node_modules/postgres/src/query.js:[2m36:24[22m[39m
[90m [2m❯[22m sql node_modules/postgres/src/index.js:[2m112:11[22m[39m
[36m [2m❯[22m setupCompleteDraftWithMetrics server/src/__tests__/F-MOD-013_report_metrics.test.ts:[2m153:14[22m[39m
    [90m151|[39m     p3Id = p3.id;
    [90m152|[39m
    [90m153|[39m     await sql`
    [90m   |[39m              [31m^[39m
    [90m154|[39m       INSERT INTO player_aav_sources (dataset_id, player_id, aav_minor…
    [90m155|[39m       VALUES

[31m[2m⎯⎯⎯⎯⎯⎯⎯⎯⎯⎯⎯⎯⎯⎯⎯⎯⎯⎯⎯⎯⎯[63/205]⎯[22m[39m

[41m[1m FAIL [22m[49m [30m[43m node [49m[39m server/src/__tests__/F-MOD-013_report_metrics.test.ts[2m > [22mF-MOD-013 draft summary report metrics[2m > [22mF_MOD_013_report_still_returns_409_for_non_complete_draft
[31m[1mError[22m: UNDEFINED_VALUE: Undefined values are not allowed[39m
[90m [2m❯[22m handleValue node_modules/postgres/src/types.js:[2m83:20[22m[39m
[90m [2m❯[22m stringifyValue node_modules/postgres/src/types.js:[2m113:5[22m[39m
[90m [2m❯[22m stringify node_modules/postgres/src/types.js:[2m100:16[22m[39m
[90m [2m❯[22m build node_modules/postgres/src/connection.js:[2m228:20[22m[39m
[90m [2m❯[22m Object.execute node_modules/postgres/src/connection.js:[2m172:7[22m[39m
[90m [2m❯[22m go node_modules/postgres/src/index.js:[2m345:14[22m[39m
[90m [2m❯[22m Query.handler node_modules/postgres/src/index.js:[2m334:14[22m[39m
[90m [2m❯[22m Query.handle node_modules/postgres/src/query.js:[2m140:65[22m[39m
[90m [2m❯[22m cachedError node_modules/postgres/src/query.js:[2m170:23[22m[39m
[90m [2m❯[22m new Query node_modules/postgres/src/query.js:[2m36:24[22m[39m
[90m [2m❯[22m sql node_modules/postgres/src/index.js:[2m112:11[22m[39m
[36m [2m❯[22m server/src/__tests__/F-MOD-013_report_metrics.test.ts:[2m285:14[22m[39m
    [90m283|[39m     });
    [90m284|[39m     const incompleteDatasetId = dsRes.json<{ id: string }>().id;
    [90m285|[39m     await sql`UPDATE draft_datasets SET status = 'FROZEN' WHERE id = $…
    [90m   |[39m              [31m^[39m
    [90m286|[39m
    [90m287|[39m     const draftRes = await server.inject({

[31m[2m⎯⎯⎯⎯⎯⎯⎯⎯⎯⎯⎯⎯⎯⎯⎯⎯⎯⎯⎯⎯⎯[64/205]⎯[22m[39m

[41m[1m FAIL [22m[49m [30m[43m node [49m[39m server/src/__tests__/F-MOD-014_do_not_draft.test.ts[2m > [22mF-MOD-014 do not draft[2m > [22mtest_F_MOD_014_get_do_not_draft_returns_empty_list_when_none_added
[31m[1mError[22m: UNDEFINED_VALUE: Undefined values are not allowed[39m
[90m [2m❯[22m handleValue node_modules/postgres/src/types.js:[2m83:20[22m[39m
[90m [2m❯[22m stringifyValue node_modules/postgres/src/types.js:[2m113:5[22m[39m
[90m [2m❯[22m stringify node_modules/postgres/src/types.js:[2m100:16[22m[39m
[90m [2m❯[22m build node_modules/postgres/src/connection.js:[2m228:20[22m[39m
[90m [2m❯[22m execute node_modules/postgres/src/connection.js:[2m172:7[22m[39m
[90m [2m❯[22m ReadyForQuery node_modules/postgres/src/connection.js:[2m567:38[22m[39m
[90m [2m❯[22m handle node_modules/postgres/src/connection.js:[2m489:6[22m[39m
[90m [2m❯[22m Socket.data node_modules/postgres/src/connection.js:[2m324:9[22m[39m
[90m [2m❯[22m cachedError node_modules/postgres/src/query.js:[2m170:23[22m[39m
[90m [2m❯[22m new Query node_modules/postgres/src/query.js:[2m36:24[22m[39m
[90m [2m❯[22m sql node_modules/postgres/src/index.js:[2m112:11[22m[39m
[36m [2m❯[22m setupDraft server/src/__tests__/F-MOD-014_do_not_draft.test.ts:[2m151:53[22m[39m
    [90m149|[39m     team3Id = t3.json<{ id: string }>().id;
    [90m150|[39m
    [90m151|[39m     const [e1] = await sql<[{ auth_epoch: number }]>`SELECT auth_epoch…
    [90m   |[39m                                                     [31m^[39m
    [90m152|[39m     const [e2] = await sql<[{ auth_epoch: number }]>`SELECT auth_epoch…
    [90m153|[39m     const [e3] = await sql<[{ auth_epoch: number }]>`SELECT auth_epoch…

[31m[2m⎯⎯⎯⎯⎯⎯⎯⎯⎯⎯⎯⎯⎯⎯⎯⎯⎯⎯⎯⎯⎯[65/205]⎯[22m[39m

[41m[1m FAIL [22m[49m [30m[43m node [49m[39m server/src/__tests__/F-MOD-014_do_not_draft.test.ts[2m > [22mF-MOD-014 do not draft[2m > [22mtest_F_MOD_014_post_do_not_draft_persists_and_get_includes_it
[41m[1m FAIL [22m[49m [30m[43m node [49m[39m server/src/__tests__/F-MOD-014_do_not_draft.test.ts[2m > [22mF-MOD-014 do not draft[2m > [22mtest_F_MOD_014_delete_do_not_draft_removes_it_and_get_no_longer_includes_it
[41m[1m FAIL [22m[49m [30m[43m node [49m[39m server/src/__tests__/F-MOD-014_do_not_draft.test.ts[2m > [22mF-MOD-014 do not draft[2m > [22mtest_F_MOD_014_403_when_token_team_does_not_match_url_team_and_writes_nothing
[41m[1m FAIL [22m[49m [30m[43m node [49m[39m server/src/__tests__/F-MOD-014_do_not_draft.test.ts[2m > [22mF-MOD-014 do not draft[2m > [22mtest_F_MOD_014_403_when_token_league_does_not_match_draft_league
[41m[1m FAIL [22m[49m [30m[43m node [49m[39m server/src/__tests__/F-MOD-014_do_not_draft.test.ts[2m > [22mF-MOD-014 do not draft[2m > [22mtest_F_MOD_014_auto_agent_never_bids_on_do_not_draft_player_on_nomination
[41m[1m FAIL [22m[49m [30m[43m node [49m[39m server/src/__tests__/F-MOD-014_do_not_draft.test.ts[2m > [22mF-MOD-014 do not draft[2m > [22mtest_F_MOD_014_auto_agent_never_bids_on_do_not_draft_player_on_leader_change
[31m[1mError[22m: UNDEFINED_VALUE: Undefined values are not allowed[39m
[90m [2m❯[22m handleValue node_modules/postgres/src/types.js:[2m83:20[22m[39m
[90m [2m❯[22m stringifyValue node_modules/postgres/src/types.js:[2m113:5[22m[39m
[90m [2m❯[22m stringify node_modules/postgres/src/types.js:[2m100:16[22m[39m
[90m [2m❯[22m build node_modules/postgres/src/connection.js:[2m228:20[22m[39m
[90m [2m❯[22m Object.execute node_modules/postgres/src/connection.js:[2m172:7[22m[39m
[90m [2m❯[22m go node_modules/postgres/src/index.js:[2m345:14[22m[39m
[90m [2m❯[22m Query.handler node_modules/postgres/src/index.js:[2m334:14[22m[39m
[90m [2m❯[22m Query.handle node_modules/postgres/src/query.js:[2m140:65[22m[39m
[90m [2m❯[22m cachedError node_modules/postgres/src/query.js:[2m170:23[22m[39m
[90m [2m❯[22m new Query node_modules/postgres/src/query.js:[2m36:24[22m[39m
[90m [2m❯[22m sql node_modules/postgres/src/index.js:[2m112:11[22m[39m
[36m [2m❯[22m setupDraft server/src/__tests__/F-MOD-014_do_not_draft.test.ts:[2m151:53[22m[39m
    [90m149|[39m     team3Id = t3.json<{ id: string }>().id;
    [90m150|[39m
    [90m151|[39m     const [e1] = await sql<[{ auth_epoch: number }]>`SELECT auth_epoch…
    [90m   |[39m                                                     [31m^[39m
    [90m152|[39m     const [e2] = await sql<[{ auth_epoch: number }]>`SELECT auth_epoch…
    [90m153|[39m     const [e3] = await sql<[{ auth_epoch: number }]>`SELECT auth_epoch…

[31m[2m⎯⎯⎯⎯⎯⎯⎯⎯⎯⎯⎯⎯⎯⎯⎯⎯⎯⎯⎯⎯⎯[66/205]⎯[22m[39m

[41m[1m FAIL [22m[49m [30m[43m node [49m[39m server/src/__tests__/F-MOD-015_team_media.test.ts[2m > [22mF-MOD-015 team presentation media[2m > [22mtest_F_MOD_015_owner_uploads_icon_sets_icon_url_and_reflects_in_team_reads
[31m[1mError[22m: UNDEFINED_VALUE: Undefined values are not allowed[39m
[90m [2m❯[22m handleValue node_modules/postgres/src/types.js:[2m83:20[22m[39m
[90m [2m❯[22m stringifyValue node_modules/postgres/src/types.js:[2m113:5[22m[39m
[90m [2m❯[22m stringify node_modules/postgres/src/types.js:[2m100:16[22m[39m
[90m [2m❯[22m build node_modules/postgres/src/connection.js:[2m228:20[22m[39m
[90m [2m❯[22m execute node_modules/postgres/src/connection.js:[2m172:7[22m[39m
[90m [2m❯[22m ReadyForQuery node_modules/postgres/src/connection.js:[2m567:38[22m[39m
[90m [2m❯[22m handle node_modules/postgres/src/connection.js:[2m489:6[22m[39m
[90m [2m❯[22m Socket.data node_modules/postgres/src/connection.js:[2m324:9[22m[39m
[90m [2m❯[22m cachedError node_modules/postgres/src/query.js:[2m170:23[22m[39m
[90m [2m❯[22m new Query node_modules/postgres/src/query.js:[2m36:24[22m[39m
[90m [2m❯[22m sql node_modules/postgres/src/index.js:[2m112:11[22m[39m
[36m [2m❯[22m setupLeagueAndTeams server/src/__tests__/F-MOD-015_team_media.test.ts:[2m144:53[22m[39m
    [90m142|[39m     team2Id = t2.json<{ id: string }>().id;
    [90m143|[39m
    [90m144|[39m     const [e1] = await sql<[{ auth_epoch: number }]>`SELECT auth_epoch…
    [90m   |[39m                                                     [31m^[39m
    [90m145|[39m     const [e2] = await sql<[{ auth_epoch: number }]>`SELECT auth_epoch…
    [90m146|[39m     team1Token = ***REDACTED*** league_id: leagueId, team_id: team1Id, ro…

[31m[2m⎯⎯⎯⎯⎯⎯⎯⎯⎯⎯⎯⎯⎯⎯⎯⎯⎯⎯⎯⎯⎯[67/205]⎯[22m[39m

[41m[1m FAIL [22m[49m [30m[43m node [49m[39m server/src/__tests__/F-MOD-015_team_media.test.ts[2m > [22mF-MOD-015 team presentation media[2m > [22mtest_F_MOD_015_owner_uploads_mp3_sets_nomination_audio_url_stored_as_is
[41m[1m FAIL [22m[49m [30m[43m node [49m[39m server/src/__tests__/F-MOD-015_team_media.test.ts[2m > [22mF-MOD-015 team presentation media[2m > [22mtest_F_MOD_015_non_owner_non_commissioner_upload_is_rejected_and_column_unchanged
[41m[1m FAIL [22m[49m [30m[43m node [49m[39m server/src/__tests__/F-MOD-015_team_media.test.ts[2m > [22mF-MOD-015 team presentation media[2m > [22mtest_F_MOD_015_reupload_of_same_media_type_replaces_existing_url
[41m[1m FAIL [22m[49m [30m[43m node [49m[39m server/src/__tests__/F-MOD-015_team_media.test.ts[2m > [22mF-MOD-015 team presentation media[2m > [22mtest_F_MOD_015_commissioner_can_upload_media_for_any_team
[41m[1m FAIL [22m[49m [30m[43m node [49m[39m server/src/__tests__/F-MOD-015_team_media.test.ts[2m > [22mF-MOD-015 team presentation media[2m > [22mtest_F_MOD_015_delete_clears_specified_media_and_reflects_in_team_reads
[41m[1m FAIL [22m[49m [30m[43m node [49m[39m server/src/__tests__/F-MOD-015_team_media.test.ts[2m > [22mF-MOD-015 team presentation media[2m > [22mtest_F_MOD_015_first_nomination_with_audio_set_broadcasts_TEAM_NOMINATION_AUDIO_and_marks_played
[41m[1m FAIL [22m[49m [30m[43m node [49m[39m server/src/__tests__/F-MOD-015_team_media.test.ts[2m > [22mF-MOD-015 team presentation media[2m > [22mtest_F_MOD_015_second_nomination_by_same_team_does_not_replay_audio
[41m[1m FAIL [22m[49m [30m[43m node [49m[39m server/src/__tests__/F-MOD-015_team_media.test.ts[2m > [22mF-MOD-015 team presentation media[2m > [22mtest_F_MOD_015_nomination_with_no_audio_url_never_broadcasts_audio
[31m[1mError[22m: UNDEFINED_VALUE: Undefined values are not allowed[39m
[90m [2m❯[22m handleValue node_modules/postgres/src/types.js:[2m83:20[22m[39m
[90m [2m❯[22m stringifyValue node_modules/postgres/src/types.js:[2m113:5[22m[39m
[90m [2m❯[22m stringify node_modules/postgres/src/types.js:[2m100:16[22m[39m
[90m [2m❯[22m build node_modules/postgres/src/connection.js:[2m228:20[22m[39m
[90m [2m❯[22m Object.execute node_modules/postgres/src/connection.js:[2m172:7[22m[39m
[90m [2m❯[22m go node_modules/postgres/src/index.js:[2m345:14[22m[39m
[90m [2m❯[22m Query.handler node_modules/postgres/src/index.js:[2m334:14[22m[39m
[90m [2m❯[22m Query.handle node_modules/postgres/src/query.js:[2m140:65[22m[39m
[90m [2m❯[22m cachedError node_modules/postgres/src/query.js:[2m170:23[22m[39m
[90m [2m❯[22m new Query node_modules/postgres/src/query.js:[2m36:24[22m[39m
[90m [2m❯[22m sql node_modules/postgres/src/index.js:[2m112:11[22m[39m
[36m [2m❯[22m setupLeagueAndTeams server/src/__tests__/F-MOD-015_team_media.test.ts:[2m144:53[22m[39m
    [90m142|[39m     team2Id = t2.json<{ id: string }>().id;
    [90m143|[39m
    [90m144|[39m     const [e1] = await sql<[{ auth_epoch: number }]>`SELECT auth_epoch…
    [90m   |[39m                                                     [31m^[39m
    [90m145|[39m     const [e2] = await sql<[{ auth_epoch: number }]>`SELECT auth_epoch…
    [90m146|[39m     team1Token = ***REDACTED*** league_id: leagueId, team_id: team1Id, ro…

[31m[2m⎯⎯⎯⎯⎯⎯⎯⎯⎯⎯⎯⎯⎯⎯⎯⎯⎯⎯⎯⎯⎯[68/205]⎯[22m[39m

[41m[1m FAIL [22m[49m [30m[43m node [49m[39m server/src/__tests__/F-MOD-016_multi_source_aav.test.ts[2m > [22mF-MOD-016 multi-source AAV[2m > [22mtest_F_MOD_016_import_from_one_source_creates_exactly_one_player_aav_sources_row
[31m[1mError[22m: UNDEFINED_VALUE: Undefined values are not allowed[39m
[90m [2m❯[22m handleValue node_modules/postgres/src/types.js:[2m83:20[22m[39m
[90m [2m❯[22m stringifyValue node_modules/postgres/src/types.js:[2m113:5[22m[39m
[90m [2m❯[22m stringify node_modules/postgres/src/types.js:[2m100:16[22m[39m
[90m [2m❯[22m build node_modules/postgres/src/connection.js:[2m228:20[22m[39m
[90m [2m❯[22m execute node_modules/postgres/src/connection.js:[2m172:7[22m[39m
[90m [2m❯[22m ReadyForQuery node_modules/postgres/src/connection.js:[2m567:38[22m[39m
[90m [2m❯[22m handle node_modules/postgres/src/connection.js:[2m489:6[22m[39m
[90m [2m❯[22m Socket.data node_modules/postgres/src/connection.js:[2m324:9[22m[39m
[90m [2m❯[22m cachedError node_modules/postgres/src/query.js:[2m170:23[22m[39m
[90m [2m❯[22m new Query node_modules/postgres/src/query.js:[2m36:24[22m[39m
[90m [2m❯[22m sql node_modules/postgres/src/index.js:[2m112:11[22m[39m
[36m [2m❯[22m server/src/__tests__/F-MOD-016_multi_source_aav.test.ts:[2m139:54[22m[39m
    [90m137|[39m     ].join('\n'));
    [90m138|[39m
    [90m139|[39m     const rows = await sql<Array<{ source: string }>>`
    [90m   |[39m                                                      [31m^[39m
    [90m140|[39m       SELECT pas.source FROM player_aav_sources pas
    [90m141|[39m       JOIN players p ON p.id = pas.player_id

[31m[2m⎯⎯⎯⎯⎯⎯⎯⎯⎯⎯⎯⎯⎯⎯⎯⎯⎯⎯⎯⎯⎯[69/205]⎯[22m[39m

[41m[1m FAIL [22m[49m [30m[43m node [49m[39m server/src/__tests__/F-MOD-016_multi_source_aav.test.ts[2m > [22mF-MOD-016 multi-source AAV[2m > [22mtest_F_MOD_016_import_same_player_from_second_source_adds_row_without_touching_first
[31m[1mError[22m: UNDEFINED_VALUE: Undefined values are not allowed[39m
[90m [2m❯[22m handleValue node_modules/postgres/src/types.js:[2m83:20[22m[39m
[90m [2m❯[22m stringifyValue node_modules/postgres/src/types.js:[2m113:5[22m[39m
[90m [2m❯[22m stringify node_modules/postgres/src/types.js:[2m100:16[22m[39m
[90m [2m❯[22m build node_modules/postgres/src/connection.js:[2m228:20[22m[39m
[90m [2m❯[22m Object.execute node_modules/postgres/src/connection.js:[2m172:7[22m[39m
[90m [2m❯[22m go node_modules/postgres/src/index.js:[2m345:14[22m[39m
[90m [2m❯[22m Query.handler node_modules/postgres/src/index.js:[2m334:14[22m[39m
[90m [2m❯[22m Query.handle node_modules/postgres/src/query.js:[2m140:65[22m[39m
[90m [2m❯[22m cachedError node_modules/postgres/src/query.js:[2m170:23[22m[39m
[90m [2m❯[22m new Query node_modules/postgres/src/query.js:[2m36:24[22m[39m
[90m [2m❯[22m sql node_modules/postgres/src/index.js:[2m112:11[22m[39m
[36m [2m❯[22m server/src/__tests__/F-MOD-016_multi_source_aav.test.ts:[2m161:73[22m[39m
    [90m159|[39m     ]);
    [90m160|[39m
    [90m161|[39m     const rows = await sql<Array<{ source: string; aav_minor: number }…
    [90m   |[39m                                                                         [31m^[39m
    [90m162|[39m       SELECT pas.source, pas.aav_minor FROM player_aav_sources pas
    [90m163|[39m       JOIN players p ON p.id = pas.player_id

[31m[2m⎯⎯⎯⎯⎯⎯⎯⎯⎯⎯⎯⎯⎯⎯⎯⎯⎯⎯⎯⎯⎯[70/205]⎯[22m[39m

[41m[1m FAIL [22m[49m [30m[43m node [49m[39m server/src/__tests__/F-MOD-016_multi_source_aav.test.ts[2m > [22mF-MOD-016 multi-source AAV[2m > [22mtest_F_MOD_016_reimport_from_same_source_updates_in_place_not_duplicated
[31m[1mError[22m: UNDEFINED_VALUE: Undefined values are not allowed[39m
[90m [2m❯[22m handleValue node_modules/postgres/src/types.js:[2m83:20[22m[39m
[90m [2m❯[22m stringifyValue node_modules/postgres/src/types.js:[2m113:5[22m[39m
[90m [2m❯[22m stringify node_modules/postgres/src/types.js:[2m100:16[22m[39m
[90m [2m❯[22m build node_modules/postgres/src/connection.js:[2m228:20[22m[39m
[90m [2m❯[22m Object.execute node_modules/postgres/src/connection.js:[2m172:7[22m[39m
[90m [2m❯[22m go node_modules/postgres/src/index.js:[2m345:14[22m[39m
[90m [2m❯[22m Query.handler node_modules/postgres/src/index.js:[2m334:14[22m[39m
[90m [2m❯[22m Query.handle node_modules/postgres/src/query.js:[2m140:65[22m[39m
[90m [2m❯[22m cachedError node_modules/postgres/src/query.js:[2m170:23[22m[39m
[90m [2m❯[22m new Query node_modules/postgres/src/query.js:[2m36:24[22m[39m
[90m [2m❯[22m sql node_modules/postgres/src/index.js:[2m112:11[22m[39m
[36m [2m❯[22m server/src/__tests__/F-MOD-016_multi_source_aav.test.ts:[2m188:57[22m[39m
    [90m186|[39m     ].join('\n'));
    [90m187|[39m
    [90m188|[39m     const rows = await sql<Array<{ aav_minor: number }>>`
    [90m   |[39m                                                         [31m^[39m
    [90m189|[39m       SELECT pas.aav_minor FROM player_aav_sources pas
    [90m190|[39m       JOIN players p ON p.id = pas.player_id

[31m[2m⎯⎯⎯⎯⎯⎯⎯⎯⎯⎯⎯⎯⎯⎯⎯⎯⎯⎯⎯⎯⎯[71/205]⎯[22m[39m

[41m[1m FAIL [22m[49m [30m[43m node [49m[39m server/src/__tests__/F-MOD-016_multi_source_aav.test.ts[2m > [22mF-MOD-016 multi-source AAV[2m > [22mtest_F_MOD_016_csv_bye_week_and_injury_fields_are_persisted_onto_players
[31m[1mAssertionError[22m: expected undefined to be 9 // Object.is equality[39m

[32m- Expected:[39m
9

[31m+ Received:[39m
undefined

[36m [2m❯[22m server/src/__tests__/F-MOD-016_multi_source_aav.test.ts:[2m217:27[22m[39m
    [90m215|[39m       FROM players WHERE name = 'F016 Hurt Player'
    [90m216|[39m     `;
    [90m217|[39m     expect(row?.bye_week).toBe(9);
    [90m   |[39m                           [31m^[39m
    [90m218|[39m     expect(row?.injury_status).toBe('QUESTIONABLE');
    [90m219|[39m     expect(row?.injury_detail).toBe('Hamstring');

[31m[2m⎯⎯⎯⎯⎯⎯⎯⎯⎯⎯⎯⎯⎯⎯⎯⎯⎯⎯⎯⎯⎯[72/205]⎯[22m[39m

[41m[1m FAIL [22m[49m [30m[43m node [49m[39m server/src/__tests__/F-MOD-016_multi_source_aav.test.ts[2m > [22mF-MOD-016 multi-source AAV[2m > [22mtest_F_MOD_016_later_import_without_intelligence_fields_does_not_clear_them
[31m[1mAssertionError[22m: expected undefined to be 7 // Object.is equality[39m

[32m- Expected:[39m
7

[31m+ Received:[39m
undefined

[36m [2m❯[22m server/src/__tests__/F-MOD-016_multi_source_aav.test.ts:[2m240:27[22m[39m
    [90m238|[39m       SELECT bye_week, injury_status FROM players WHERE name = 'F016 P…
    [90m239|[39m     `;
    [90m240|[39m     expect(row?.bye_week).toBe(7);
    [90m   |[39m                           [31m^[39m
    [90m241|[39m     expect(row?.injury_status).toBe('OUT');
    [90m242|[39m   });

[31m[2m⎯⎯⎯⎯⎯⎯⎯⎯⎯⎯⎯⎯⎯⎯⎯⎯⎯⎯⎯⎯⎯[73/205]⎯[22m[39m

[41m[1m FAIL [22m[49m [30m[43m node [49m[39m server/src/__tests__/F-MOD-016_multi_source_aav.test.ts[2m > [22mF-MOD-016 multi-source AAV[2m > [22mtest_F_MOD_016_listPlayers_includes_aav_sources_and_intelligence_fields
[31m[1mAssertionError[22m: expected 403 to be 200 // Object.is equality[39m

[32m- Expected[39m
[31m+ Received[39m

[32m- 200[39m
[31m+ 403[39m

[36m [2m❯[22m server/src/__tests__/F-MOD-016_multi_source_aav.test.ts:[2m269:28[22m[39m
    [90m267|[39m       headers: { authorization: ***REDACTED*** ***REDACTED*** },
    [90m268|[39m     });
    [90m269|[39m     expect(res.statusCode).toBe(200);
    [90m   |[39m                            [31m^[39m
    [90m270|[39m     const body = res.json<{
    [90m271|[39m       players: Array<{

[31m[2m⎯⎯⎯⎯⎯⎯⎯⎯⎯⎯⎯⎯⎯⎯⎯⎯⎯⎯⎯⎯⎯[74/205]⎯[22m[39m

[41m[1m FAIL [22m[49m [30m[43m node [49m[39m server/src/__tests__/F-MOD-016_multi_source_aav.test.ts[2m > [22mF-MOD-016 multi-source AAV[2m > [22mtest_F_MOD_016_listPlayers_returns_null_intelligence_fields_when_source_never_supplied_them
[31m[1mTypeError[22m: Cannot read properties of undefined (reading 'find')[39m
[36m [2m❯[22m server/src/__tests__/F-MOD-016_multi_source_aav.test.ts:[2m312:33[22m[39m
    [90m310|[39m     });
    [90m311|[39m     const body = res.json<{ players: Array<{ name: string; bye_week: n…
    [90m312|[39m     const player = body.players.find((p) => p.name === 'F016 Plain Pla…
    [90m   |[39m                                 [31m^[39m
    [90m313|[39m     expect(player!.bye_week).toBeNull();
    [90m314|[39m     expect(player!.injury_status).toBeNull();

[31m[2m⎯⎯⎯⎯⎯⎯⎯⎯⎯⎯⎯⎯⎯⎯⎯⎯⎯⎯⎯⎯⎯[75/205]⎯[22m[39m

[41m[1m FAIL [22m[49m [30m[43m node [49m[39m server/src/__tests__/F-MOD-016_multi_source_aav.test.ts[2m > [22mF-MOD-016 multi-source AAV[2m > [22mtest_F_MOD_016_setAavSources_persists_selection_and_resolves_primary_secondary
[31m[1mAssertionError[22m: expected 403 to be 200 // Object.is equality[39m

[32m- Expected[39m
[31m+ Received[39m

[32m- 200[39m
[31m+ 403[39m

[36m [2m❯[22m server/src/__tests__/F-MOD-016_multi_source_aav.test.ts:[2m340:31[22m[39m
    [90m338|[39m       payload: { primary_aav_source: 'EXCEL', secondary_aav_source: 'C…
    [90m339|[39m     });
    [90m340|[39m     expect(putRes.statusCode).toBe(200);
    [90m   |[39m                               [31m^[39m
    [90m341|[39m     expect(putRes.json<{ primary_aav_source: string; secondary_aav_sou…
    [90m342|[39m       primary_aav_source: 'EXCEL',

[31m[2m⎯⎯⎯⎯⎯⎯⎯⎯⎯⎯⎯⎯⎯⎯⎯⎯⎯⎯⎯⎯⎯[76/205]⎯[22m[39m

[41m[1m FAIL [22m[49m [30m[43m node [49m[39m server/src/__tests__/F-MOD-016_multi_source_aav.test.ts[2m > [22mF-MOD-016 multi-source AAV[2m > [22mtest_F_MOD_016_setAavSources_rejects_source_not_loaded_and_makes_no_change
[31m[1mAssertionError[22m: expected 403 to be 400 // Object.is equality[39m

[32m- Expected[39m
[31m+ Received[39m

[32m- 400[39m
[31m+ 403[39m

[36m [2m❯[22m server/src/__tests__/F-MOD-016_multi_source_aav.test.ts:[2m381:28[22m[39m
    [90m379|[39m       payload: { primary_aav_source: 'FANTASYPROS' },
    [90m380|[39m     });
    [90m381|[39m     expect(res.statusCode).toBe(400);
    [90m   |[39m                            [31m^[39m
    [90m382|[39m
    [90m383|[39m     const [row] = await sql<Array<{ primary_aav_source: string | null …

[31m[2m⎯⎯⎯⎯⎯⎯⎯⎯⎯⎯⎯⎯⎯⎯⎯⎯⎯⎯⎯⎯⎯[77/205]⎯[22m[39m

[41m[1m FAIL [22m[49m [30m[43m node [49m[39m server/src/__tests__/F-MOD-017_close_card_and_popover.test.ts[2m > [22mF-MOD-017 close card payload[2m > [22mtest_F_MOD_017_player_awarded_payload_includes_close_card_fields_on_direct_award
[31m[1mError[22m: UNDEFINED_VALUE: Undefined values are not allowed[39m
[90m [2m❯[22m handleValue node_modules/postgres/src/types.js:[2m83:20[22m[39m
[90m [2m❯[22m stringifyValue node_modules/postgres/src/types.js:[2m113:5[22m[39m
[90m [2m❯[22m stringify node_modules/postgres/src/types.js:[2m100:16[22m[39m
[90m [2m❯[22m build node_modules/postgres/src/connection.js:[2m228:20[22m[39m
[90m [2m❯[22m execute node_modules/postgres/src/connection.js:[2m172:7[22m[39m
[90m [2m❯[22m ReadyForQuery node_modules/postgres/src/connection.js:[2m567:38[22m[39m
[90m [2m❯[22m handle node_modules/postgres/src/connection.js:[2m489:6[22m[39m
[90m [2m❯[22m Socket.data node_modules/postgres/src/connection.js:[2m324:9[22m[39m
[90m [2m❯[22m cachedError node_modules/postgres/src/query.js:[2m170:23[22m[39m
[90m [2m❯[22m new Query node_modules/postgres/src/query.js:[2m36:24[22m[39m
[90m [2m❯[22m sql node_modules/postgres/src/index.js:[2m112:11[22m[39m
[36m [2m❯[22m setupDraft server/src/__tests__/F-MOD-017_close_card_and_popover.test.ts:[2m125:53[22m[39m
    [90m123|[39m     team2Id = t2.json<{ id: string }>().id;
    [90m124|[39m
    [90m125|[39m     const [e1] = await sql<[{ auth_epoch: number }]>`SELECT auth_epoch…
    [90m   |[39m                                                     [31m^[39m
    [90m126|[39m     const [e2] = await sql<[{ auth_epoch: number }]>`SELECT auth_epoch…
    [90m127|[39m     team1Token = ***REDACTED*** league_id: leagueId, team_id: team1Id, ro…

[31m[2m⎯⎯⎯⎯⎯⎯⎯⎯⎯⎯⎯⎯⎯⎯⎯⎯⎯⎯⎯⎯⎯[78/205]⎯[22m[39m

[41m[1m FAIL [22m[49m [30m[43m node [49m[39m server/src/__tests__/F-MOD-017_close_card_and_popover.test.ts[2m > [22mF-MOD-017 close card payload[2m > [22mtest_F_MOD_017_player_awarded_bid_counts_reflect_more_than_10_bids_not_client_ladder
[31m[1mError[22m: UNDEFINED_VALUE: Undefined values are not allowed[39m
[90m [2m❯[22m handleValue node_modules/postgres/src/types.js:[2m83:20[22m[39m
[90m [2m❯[22m stringifyValue node_modules/postgres/src/types.js:[2m113:5[22m[39m
[90m [2m❯[22m stringify node_modules/postgres/src/types.js:[2m100:16[22m[39m
[90m [2m❯[22m build node_modules/postgres/src/connection.js:[2m228:20[22m[39m
[90m [2m❯[22m Object.execute node_modules/postgres/src/connection.js:[2m172:7[22m[39m
[90m [2m❯[22m go node_modules/postgres/src/index.js:[2m345:14[22m[39m
[90m [2m❯[22m Query.handler node_modules/postgres/src/index.js:[2m334:14[22m[39m
[90m [2m❯[22m Query.handle node_modules/postgres/src/query.js:[2m140:65[22m[39m
[90m [2m❯[22m cachedError node_modules/postgres/src/query.js:[2m170:23[22m[39m
[90m [2m❯[22m new Query node_modules/postgres/src/query.js:[2m36:24[22m[39m
[90m [2m❯[22m sql node_modules/postgres/src/index.js:[2m112:11[22m[39m
[36m [2m❯[22m setupDraft server/src/__tests__/F-MOD-017_close_card_and_popover.test.ts:[2m125:53[22m[39m
    [90m123|[39m     team2Id = t2.json<{ id: string }>().id;
    [90m124|[39m
    [90m125|[39m     const [e1] = await sql<[{ auth_epoch: number }]>`SELECT auth_epoch…
    [90m   |[39m                                                     [31m^[39m
    [90m126|[39m     const [e2] = await sql<[{ auth_epoch: number }]>`SELECT auth_epoch…
    [90m127|[39m     team1Token = ***REDACTED*** league_id: leagueId, team_id: team1Id, ro…

[31m[2m⎯⎯⎯⎯⎯⎯⎯⎯⎯⎯⎯⎯⎯⎯⎯⎯⎯⎯⎯⎯⎯[79/205]⎯[22m[39m

